name,location,start_date,end_date,surface,indoor_outdoor,winner,results_url,source,source_page
Workday Canberra International,"Canberra, Australia","December 30, 2024","January 4, 2025",Hard,Outdoor,,https://www.atptour.com/en/scores/archive/canberra/7393/2025/draws,ATP Challenger,https://www.atptour.com/en/-/tournaments/calendar/challenger
BNC TENNIS OPEN,"Noumea, New Caledonia","December 30, 2024","January 4, 2025",Hard,Outdoor,,https://www.atptour.com/en/scores/archive/noumea/2205/2025/draws,ATP Challenger,https://www.atptour.com/en/-/tournaments/calendar/challenger
Bangkok Open 1,"Nonthaburi, Thailand","December 30, 2024","January 4, 2025",Hard,Outdoor,,https://www.atptour.com/en/scores/archive/nonthaburi/2791/2025/draws,ATP Challenger,https://www.atptour.com/en/-/tournaments/calendar/challenger
Bangkok Open 2,"Nonthaburi, Thailand",6,"January 11, 2025",Hard,Outdoor,,https://www.atptour.com/en/scores/archive/nonthaburi/2795/2025/draws,ATP Challenger,https://www.atptour.com/en/-/tournaments/calendar/challenger
Indoor Oeiras Open 1,"Oeiras, Portugal",6,"January 11, 2025",Hard,Indoor,,https://www.atptour.com/en/scores/archive/oeiras/2831/2025/draws,ATP Challenger,https://www.atptour.com/en/-/tournaments/calendar/challenger
Lexus Nottingham Challenger,"Nottingham, Great Britain",6,"January 11, 2025",Hard,Indoor,,https://www.atptour.com/en/scores/archive/nottingham/2907/2025/draws,ATP Challenger,https://www.atptour.com/en/-/tournaments/calendar/challenger
Oeiras Indoor 2,"Oeiras, Portugal",13,"January 19, 2025",Hard,Indoor,,https://www.atptour.com/en/scores/archive/oeiras/2833/2025/draws,ATP Challenger,https://www.atptour.com/en/-/tournaments/calendar/challenger
Bangkok Open 3,"Nonthaburi, Thailand",13,"January 19, 2025",Hard,Outdoor,,https://www.atptour.com/en/scores/archive/nonthaburi/2801/2025/draws,ATP Challenger,https://www.atptour.com/en/-/tournaments/calendar/challenger
AAT Challenger Santander Tigre,"Buenos Aires, Argentina",13,"January 19, 2025",Clay,Outdoor,,https://www.atptour.com/en/scores/archive/buenos-aires/9678/2025/draws,ATP Challenger,https://www.atptour.com/en/-/tournaments/calendar/challenger
Punta del Este Open,"Punta del Este , Uruguay",20,"January 26, 2025",Clay,Outdoor,,https://www.atptour.com/en/scores/archive/punta-del-este/2901/2025/draws,ATP Challenger,https://www.atptour.com/en/-/tournaments/calendar/challenger
Open Quimper Bretagne Occidentale,"Quimper, France",21,"January 26, 2025",Hard,Indoor,,https://www.atptour.com/en/scores/archive/quimper/6239/2025/draws,ATP Challenger,https://www.atptour.com/en/-/tournaments/calendar/challenger
Oeiras Open 3,"Oeiras, Portugal",21,"January 26, 2025",Hard,Indoor,,https://www.atptour.com/en/scores/archive/oeiras/2979/2025/draws,ATP Challenger,https://www.atptour.com/en/-/tournaments/calendar/challenger
Brasil Tennis Challenger,"Piracicaba, Brazil",27 January,"February 2, 2025",Clay,Outdoor,,https://www.atptour.com/en/scores/archive/piracicaba/2835/2025/draws,ATP Challenger,https://www.atptour.com/en/-/tournaments/calendar/challenger
Koblenz Open,"Koblenz, Germany",27 January,"February 2, 2025",Hard,Indoor,,https://www.atptour.com/en/scores/archive/koblenz/7652/2025/draws,ATP Challenger,https://www.atptour.com/en/-/tournaments/calendar/challenger
Brisbane QTC Tennis International #1,"Brisbane, Australia",27 January,"February 2, 2025",Hard,Outdoor,,https://www.atptour.com/en/scores/archive/brisbane/2967/2025/draws,ATP Challenger,https://www.atptour.com/en/-/tournaments/calendar/challenger
Cleveland Open,"Cleveland, United States",27 January,"February 2, 2025",Hard,Indoor,,https://www.atptour.com/en/scores/archive/cleveland/9154/2025/draws,ATP Challenger,https://www.atptour.com/en/-/tournaments/calendar/challenger
YPF Rosario Challenger,"Rosario, Argentina",3,"February 9, 2025",Clay,Outdoor,,https://www.atptour.com/en/scores/archive/rosario/2965/2025/draws,ATP Challenger,https://www.atptour.com/en/-/tournaments/calendar/challenger
Play In Challenger,"Lille, France",3,"February 9, 2025",Hard,Indoor,,https://www.atptour.com/en/scores/archive/lille/7874/2025/draws,ATP Challenger,https://www.atptour.com/en/-/tournaments/calendar/challenger
Chennai Open,"Chennai, India",3,"February 9, 2025",Hard,Outdoor,,https://www.atptour.com/en/scores/archive/chennai/7849/2025/draws,ATP Challenger,https://www.atptour.com/en/-/tournaments/calendar/challenger
Brisbane QTC Tennis International #2,"Brisbane, Australia",3,"February 9, 2025",Hard,Outdoor,,https://www.atptour.com/en/scores/archive/brisbane/2969/2025/draws,ATP Challenger,https://www.atptour.com/en/-/tournaments/calendar/challenger
Tenerife Challenger 1,"Tenerife, Spain",3,"February 9, 2025",Hard,Outdoor,,https://www.atptour.com/en/scores/archive/tenerife/9623/2025/draws,ATP Challenger,https://www.atptour.com/en/-/tournaments/calendar/challenger
Bahrain Ministry of Interior Tennis Challenger,"Manama, Bahrain",10,"February 15, 2025",Hard,Outdoor,,https://www.atptour.com/en/scores/archive/manama/9635/2025/draws,ATP Challenger,https://www.atptour.com/en/-/tournaments/calendar/challenger
Delhi Open,"New Delhi, India",10,"February 16, 2025",Hard,Outdoor,,https://www.atptour.com/en/scores/archive/new-delhi/6961/2025/draws,ATP Challenger,https://www.atptour.com/en/-/tournaments/calendar/challenger
Tenerife Challenger 2,"Tenerife, Spain",10,"February 16, 2025",Hard,Outdoor,,https://www.atptour.com/en/scores/archive/tenerife/2839/2025/draws,ATP Challenger,https://www.atptour.com/en/-/tournaments/calendar/challenger
Terega Open Pau Pyrenees,"Pau, France",17,"February 23, 2025",Hard,Indoor,,https://www.atptour.com/en/scores/archive/pau/9162/2025/draws,ATP Challenger,https://www.atptour.com/en/-/tournaments/calendar/challenger
Pune Metropolitan Region Challenger,"Pune, India",17,"February 23, 2025",Hard,Outdoor,,https://www.atptour.com/en/scores/archive/pune/7100/2025/draws,ATP Challenger,https://www.atptour.com/en/-/tournaments/calendar/challenger
Lexus Glasgow Challenger,"Glasgow, Great Britain",17,"February 23, 2025",Hard,Indoor,,https://www.atptour.com/en/scores/archive/glasgow/7916/2025/draws,ATP Challenger,https://www.atptour.com/en/-/tournaments/calendar/challenger
Brazzaville Challenger,"Brazzaville, Republic of Congo",17,"February 23, 2025",Clay,Outdoor,,https://www.atptour.com/en/scores/archive/brazzaville/2961/2025/draws,ATP Challenger,https://www.atptour.com/en/-/tournaments/calendar/challenger
Dafa News Bengaluru Open,"Bengaluru, India",24 February,"March 2, 2025",Hard,Outdoor,,https://www.atptour.com/en/scores/archive/bengaluru/7808/2025/draws,ATP Challenger,https://www.atptour.com/en/-/tournaments/calendar/challenger
San Diego Open,"San Diego, United States",24 February,"March 2, 2025",Hard,Outdoor,,https://www.atptour.com/en/scores/archive/san-diego/2971/2025/draws,ATP Challenger,https://www.atptour.com/en/-/tournaments/calendar/challenger
Rwanda Challenger - Kigali 1,"Kigali , Rwanda",24 February,"March 1, 2025",Clay,Outdoor,,https://www.atptour.com/en/scores/archive/kigali/2913/2025/draws,ATP Challenger,https://www.atptour.com/en/-/tournaments/calendar/challenger
Challenger Città di Lugano,"Lugano, Switzerland",24 February,"March 2, 2025",Hard,Indoor,,https://www.atptour.com/en/scores/archive/lugano/9516/2025/draws,ATP Challenger,https://www.atptour.com/en/-/tournaments/calendar/challenger
Rwanda Challenger - Kigali 2,"Kigali, Rwanda",3,"March 9, 2025",Clay,Outdoor,,https://www.atptour.com/en/scores/archive/kigali/2915/2025/draws,ATP Challenger,https://www.atptour.com/en/-/tournaments/calendar/challenger
AAT Challenger Santander Córdoba,"Cordoba, Argentina",3,"March 9, 2025",Clay,Outdoor,,https://www.atptour.com/en/scores/archive/cordoba/2981/2025/draws,ATP Challenger,https://www.atptour.com/en/-/tournaments/calendar/challenger
Thionville Open,"Thionville, France",3,"March 9, 2025",Hard,Indoor,,https://www.atptour.com/en/scores/archive/thionville/2973/2025/draws,ATP Challenger,https://www.atptour.com/en/-/tournaments/calendar/challenger
Crete Challenger 1,"Hersonissos, Greece",3,"March 9, 2025",Hard,Outdoor,,https://www.atptour.com/en/scores/archive/hersonissos/2983/2025/draws,ATP Challenger,https://www.atptour.com/en/-/tournaments/calendar/challenger
Challenger De Santiago - Dove Men Care,"Santiago, Chile",10,"March 16, 2025",Clay,Outdoor,,https://www.atptour.com/en/scores/archive/santiago/3406/2025/draws,ATP Challenger,https://www.atptour.com/en/-/tournaments/calendar/challenger
Challenger Cherbourg La Manche,"Cherbourg, France",10,"March 16, 2025",Hard,Indoor,,https://www.atptour.com/en/scores/archive/cherbourg/398/2025/draws,ATP Challenger,https://www.atptour.com/en/-/tournaments/calendar/challenger
Crete Challenger 2,"Hersonissos , Greece",10,"March 16, 2025",Hard,Outdoor,,https://www.atptour.com/en/scores/archive/hersonissos/2985/2025/draws,ATP Challenger,https://www.atptour.com/en/-/tournaments/calendar/challenger
Arizona Tennis Classic,"Phoenix, United States",11,"March 16, 2025",Hard,Outdoor,,https://www.atptour.com/en/scores/archive/phoenix/9167/2025/draws,ATP Challenger,https://www.atptour.com/en/-/tournaments/calendar/challenger
"Republica Dominicana Open, Copa Cap Cana Ciudad Destino","Cap Cana, Dominican Republic",11,"March 16, 2025",Hard,Outdoor,,https://www.atptour.com/en/scores/archive/cap-cana/2975/2025/draws,ATP Challenger,https://www.atptour.com/en/-/tournaments/calendar/challenger
Paraguay Open - Babolat,"Asuncion, Paraguay",17,"March 23, 2025",Clay,Outdoor,,https://www.atptour.com/en/scores/archive/asuncion/2909/2025/draws,ATP Challenger,https://www.atptour.com/en/-/tournaments/calendar/challenger
Yucatan Open,"Merida, Mexico",17,"March 23, 2025",Clay,Outdoor,,https://www.atptour.com/en/scores/archive/merida/2917/2025/draws,ATP Challenger,https://www.atptour.com/en/-/tournaments/calendar/challenger
Costa Cálida Region de Murcia,"Murcia, Spain",17,"March 23, 2025",Clay,Outdoor,,https://www.atptour.com/en/scores/archive/murcia/9171/2025/draws,ATP Challenger,https://www.atptour.com/en/-/tournaments/calendar/challenger
Falkensteiner Punta Skala Zadar Open,"Zadar, Croatia",17,"March 23, 2025",Clay,Outdoor,,https://www.atptour.com/en/scores/archive/zadar/9472/2025/draws,ATP Challenger,https://www.atptour.com/en/-/tournaments/calendar/challenger
Morelia Open,"Morelia , Mexico",24,"March 30, 2025",Hard,Outdoor,,https://www.atptour.com/en/scores/archive/morelia/2991/2025/draws,ATP Challenger,https://www.atptour.com/en/-/tournaments/calendar/challenger
Napoli Tennis Cup,"Naples, Italy",24,"March 30, 2025",Clay,Outdoor,,https://www.atptour.com/en/scores/archive/naples/2911/2025/draws,ATP Challenger,https://www.atptour.com/en/-/tournaments/calendar/challenger
Eurofirms Girona - Costa Brava,"Girona, Spain",24,"March 30, 2025",Clay,Outdoor,,https://www.atptour.com/en/scores/archive/girona/2855/2025/draws,ATP Challenger,https://www.atptour.com/en/-/tournaments/calendar/challenger
Dove Men+Care Concepción,"Concepcion, Chile",24,"March 30, 2025",Clay,Outdoor,,https://www.atptour.com/en/scores/archive/concepcion/9452/2025/draws,ATP Challenger,https://www.atptour.com/en/-/tournaments/calendar/challenger
Open Menorca,"Menorca, Spain",31 March,"April 6, 2025",Clay,Outdoor,,https://www.atptour.com/en/scores/archive/menorca/2987/2025/draws,ATP Challenger,https://www.atptour.com/en/-/tournaments/calendar/challenger
Campeonato Internacional de Tenis,"Campinas, Brazil",31 March,"April 6, 2025",Clay,Outdoor,,https://www.atptour.com/en/scores/archive/campinas/6307/2025/draws,ATP Challenger,https://www.atptour.com/en/-/tournaments/calendar/challenger
Morelos Open presentado por Metaxchange,"Morelos, Mexico",31 March,"April 6, 2025",Hard,Outdoor,,https://www.atptour.com/en/scores/archive/morelos/6963/2025/draws,ATP Challenger,https://www.atptour.com/en/-/tournaments/calendar/challenger
Open Città della Disfida,"Barletta, Italy",31 March,"April 6, 2025",Clay,Outdoor,,https://www.atptour.com/en/scores/archive/barletta/7494/2025/draws,ATP Challenger,https://www.atptour.com/en/-/tournaments/calendar/challenger
Mexico City Open,"Mexico City, Mexico",7,"April 13, 2025",Clay,Outdoor,,https://www.atptour.com/en/scores/archive/mexico-city/8375/2025/draws,ATP Challenger,https://www.atptour.com/en/-/tournaments/calendar/challenger
Atkinsons Monza Open,"Monza, Italy",7,"April 13, 2025",Clay,Outdoor,,https://www.atptour.com/en/scores/archive/monza/2989/2025/draws,ATP Challenger,https://www.atptour.com/en/-/tournaments/calendar/challenger
Grand Prix by Mercedes Benz Open Comunidad de Madrid,"Madrid, Spain",7,"April 13, 2025",Clay,Outdoor,,https://www.atptour.com/en/scores/archive/madrid/9687/2025/draws,ATP Challenger,https://www.atptour.com/en/-/tournaments/calendar/challenger
Elizabeth Moore Sarasota Open,"Sarasota, United States",7,"April 13, 2025",Clay,Outdoor,,https://www.atptour.com/en/scores/archive/sarasota/5069/2025/draws,ATP Challenger,https://www.atptour.com/en/-/tournaments/calendar/challenger
Busan Open,"Busan, South Korea",14,"April 20, 2025",Hard,Outdoor,,https://www.atptour.com/en/scores/archive/busan/1741/2025/draws,ATP Challenger,https://www.atptour.com/en/-/tournaments/calendar/challenger
Oeiras Open 4,"Oeiras, Portugal",14,"April 20, 2025",Clay,Outdoor,,https://www.atptour.com/en/scores/archive/oeiras/9514/2025/draws,ATP Challenger,https://www.atptour.com/en/-/tournaments/calendar/challenger
Banorte Tennis Open,"San Luis Potosi, Mexico",14,"April 20, 2025",Clay,Outdoor,,https://www.atptour.com/en/scores/archive/san-luis-potosi/213/2025/draws,ATP Challenger,https://www.atptour.com/en/-/tournaments/calendar/challenger
Tallahassee Tennis Challenger,"Tallahassee, United States",14,"April 20, 2025",Clay,Outdoor,,https://www.atptour.com/en/scores/archive/tallahassee/692/2025/draws,ATP Challenger,https://www.atptour.com/en/-/tournaments/calendar/challenger
Cote d'Ivoire Open 1,"Abidjan, Ivory Coast",14,"April 20, 2025",Hard,Outdoor,,https://www.atptour.com/en/scores/archive/abidjan/2995/2025/draws,ATP Challenger,https://www.atptour.com/en/-/tournaments/calendar/challenger
Gwangju Open,"Gwangju, South Korea",21,"April 27, 2025",Hard,Outdoor,,https://www.atptour.com/en/scores/archive/gwangju/7490/2025/draws,ATP Challenger,https://www.atptour.com/en/-/tournaments/calendar/challenger
Savannah Challenger,"Savannah, United States",21,"April 27, 2025",Clay,Outdoor,,https://www.atptour.com/en/scores/archive/savannah/5067/2025/draws,ATP Challenger,https://www.atptour.com/en/-/tournaments/calendar/challenger
AAT Challenger Santander Tucuman,"San Miguel de Tucuman , Argentina",21,"April 27, 2025",Clay,Outdoor,,https://www.atptour.com/en/scores/archive/san-miguel-de-tucuman/2927/2025/draws,ATP Challenger,https://www.atptour.com/en/-/tournaments/calendar/challenger
Cote d'Ivoire Open 2,"Abidjan , Ivory Coast",21,"April 27, 2025",Hard,Outdoor,,https://www.atptour.com/en/scores/archive/abidjan/2997/2025/draws,ATP Challenger,https://www.atptour.com/en/-/tournaments/calendar/challenger
Roma Garden Open,"Rome, Italy",21,"April 27, 2025",Clay,Outdoor,,https://www.atptour.com/en/scores/archive/rome/2151/2025/draws,ATP Challenger,https://www.atptour.com/en/-/tournaments/calendar/challenger
Millennium Estoril Open,"Estoril, Portugal",27 April,"May 4, 2025",Clay,Outdoor,,https://www.atptour.com/en/scores/archive/estoril/7290/2025/draws,ATP Challenger,https://www.atptour.com/en/-/tournaments/calendar/challenger
Danube Upper Austria Open powered by SKE,"Mauthausen, Austria",28 April,"May 4, 2025",Clay,Outdoor,,https://www.atptour.com/en/scores/archive/mauthausen/9697/2025/draws,ATP Challenger,https://www.atptour.com/en/-/tournaments/calendar/challenger
Guangzhou Nansha International Challenger,"Guangzhou, China",28 April,"May 4, 2025",Hard,Outdoor,,https://www.atptour.com/en/scores/archive/guangzhou/6965/2025/draws,ATP Challenger,https://www.atptour.com/en/-/tournaments/calendar/challenger
Ostra Group Open By Purposia,"Ostrava, Czechia",28 April,"May 4, 2025",Clay,Outdoor,,https://www.atptour.com/en/scores/archive/ostrava/1797/2025/draws,ATP Challenger,https://www.atptour.com/en/-/tournaments/calendar/challenger
Ano II Brasil Tennis Open,"Porto Alegre, Brazil",28 April,"May 4, 2025",Clay,Outdoor,,https://www.atptour.com/en/scores/archive/porto-alegre/2919/2025/draws,ATP Challenger,https://www.atptour.com/en/-/tournaments/calendar/challenger
Open Aix Provence Crédit Agricole,"Aix-en-Provence, France",29 April,"May 4, 2025",Clay,Outdoor,,https://www.atptour.com/en/scores/archive/aix-en-provence/7009/2025/draws,ATP Challenger,https://www.atptour.com/en/-/tournaments/calendar/challenger
Wuxi Open,"Wuxi, China",5,"May 11, 2025",Hard,Outdoor,,https://www.atptour.com/en/scores/archive/wuxi/2921/2025/draws,ATP Challenger,https://www.atptour.com/en/-/tournaments/calendar/challenger
Abruzzo Open Francavilla Al Mare,"Francavilla al Mare, Italy",5,"May 11, 2025",Clay,Outdoor,,https://www.atptour.com/en/scores/archive/francavilla-al-mare/7707/2025/draws,ATP Challenger,https://www.atptour.com/en/-/tournaments/calendar/challenger
Advantage Cars Prague Open,"Prague, Czechia",5,"May 11, 2025",Clay,Outdoor,,https://www.atptour.com/en/scores/archive/prague/600/2025/draws,ATP Challenger,https://www.atptour.com/en/-/tournaments/calendar/challenger
Santos Brasil Tennis Cup,"Santos, Brazil",5,"May 11, 2025",Clay,Outdoor,,https://www.atptour.com/en/scores/archive/santos/2923/2025/draws,ATP Challenger,https://www.atptour.com/en/-/tournaments/calendar/challenger
OEIRAS 5 CHALLENGER,"Oeiras , Portugal",12,"May 17, 2025",Clay,Outdoor,,https://www.atptour.com/en/scores/archive/oeiras/2871/2025/draws,ATP Challenger,https://www.atptour.com/en/-/tournaments/calendar/challenger
KIA Tunis Open,"Tunis, Tunisia",12,"May 17, 2025",Clay,Outdoor,,https://www.atptour.com/en/scores/archive/tunis/1541/2025/draws,ATP Challenger,https://www.atptour.com/en/-/tournaments/calendar/challenger
Zagreb Open,"Zagreb, Croatia",12,"May 17, 2025",Clay,Outdoor,,https://www.atptour.com/en/scores/archive/zagreb/9500/2025/draws,ATP Challenger,https://www.atptour.com/en/-/tournaments/calendar/challenger
KIA Open,"Bogota, Colombia",12,"May 17, 2025",Clay,Outdoor,,https://www.atptour.com/en/scores/archive/bogota/7389/2025/draws,ATP Challenger,https://www.atptour.com/en/-/tournaments/calendar/challenger
BNP Paribas Primrose Bordeaux,"Bordeaux, France",13,"May 18, 2025",Clay,Outdoor,,https://www.atptour.com/en/scores/archive/bordeaux/3824/2025/draws,ATP Challenger,https://www.atptour.com/en/-/tournaments/calendar/challenger
Piemonte Open Intesa Sanpaolo,"Turin, Italy",13,"May 18, 2025",Clay,Outdoor,,https://www.atptour.com/en/scores/archive/turin/2863/2025/draws,ATP Challenger,https://www.atptour.com/en/-/tournaments/calendar/challenger
Macedonian Open,"Skopje, North Macedonia",19,"May 24, 2025",Clay,Outdoor,,https://www.atptour.com/en/scores/archive/skopje/2869/2025/draws,ATP Challenger,https://www.atptour.com/en/-/tournaments/calendar/challenger
Mziuri Cup,"Tbilisi, Georgia",19,"May 24, 2025",Hard,Outdoor,,https://www.atptour.com/en/scores/archive/tbilisi/2925/2025/draws,ATP Challenger,https://www.atptour.com/en/-/tournaments/calendar/challenger
UAMS Health Little Rock Open,"Little Rock, United States",26 May,"June 1, 2025",Hard,Outdoor,,https://www.atptour.com/en/scores/archive/little-rock/9188/2025/draws,ATP Challenger,https://www.atptour.com/en/-/tournaments/calendar/challenger
Internazionali Di Tennis - Citta'Di Vicenza,"Vicenza, Italy",26 May,"June 1, 2025",Clay,Outdoor,,https://www.atptour.com/en/scores/archive/vicenza/7015/2025/draws,ATP Challenger,https://www.atptour.com/en/-/tournaments/calendar/challenger
Moldova Open,"Chisinau, Moldova",26 May,"June 1, 2025",Hard,Outdoor,,https://www.atptour.com/en/scores/archive/chisinau/2993/2025/draws,ATP Challenger,https://www.atptour.com/en/-/tournaments/calendar/challenger
Lexus Birmingham Open,"Birmingham, Great Britain",2,"June 8, 2025",Grass,Outdoor,,https://www.atptour.com/en/scores/archive/birmingham/4940/2025/draws,ATP Challenger,https://www.atptour.com/en/-/tournaments/calendar/challenger
Neckarcup 2.0,"Heilbronn - Bad Rappenau, Germany",2,"June 8, 2025",Clay,Outdoor,,https://www.atptour.com/en/scores/archive/heilbronn---bad-rappenau/460/2025/draws,ATP Challenger,https://www.atptour.com/en/-/tournaments/calendar/challenger
Unicredit Czech Open,"Prostejov, Czechia",2,"June 7, 2025",Clay,Outdoor,,https://www.atptour.com/en/scores/archive/prostejov/558/2025/draws,ATP Challenger,https://www.atptour.com/en/-/tournaments/calendar/challenger
Texas Spine and Joint Men's Championship,"Tyler, United States",2,"June 8, 2025",Hard,Outdoor,,https://www.atptour.com/en/scores/archive/tyler/2873/2025/draws,ATP Challenger,https://www.atptour.com/en/-/tournaments/calendar/challenger
Internazionali di Tennis Città di Perugia | G.I.MA. Tennis Cup,"Perugia, Italy",9,"June 15, 2025",Clay,Outdoor,,https://www.atptour.com/en/scores/archive/perugia/9001/2025/draws,ATP Challenger,https://www.atptour.com/en/-/tournaments/calendar/challenger
Lexus Ilkley Open,"Ilkley, Great Britain",9,"June 15, 2025",Grass,Outdoor,,https://www.atptour.com/en/scores/archive/ilkley/9005/2025/draws,ATP Challenger,https://www.atptour.com/en/-/tournaments/calendar/challenger
Bratislava Open,"Bratislava, Slovak Republic",9,"June 15, 2025",Clay,Outdoor,,https://www.atptour.com/en/scores/archive/bratislava/9003/2025/draws,ATP Challenger,https://www.atptour.com/en/-/tournaments/calendar/challenger
Open Sopra Steria,"Lyon, France",9,"June 15, 2025",Clay,Outdoor,,https://www.atptour.com/en/scores/archive/lyon/7536/2025/draws,ATP Challenger,https://www.atptour.com/en/-/tournaments/calendar/challenger
AAT Challenger Santander edición Santa Fe,"Santa Fe, Argentina",9,"June 15, 2025",Clay,Outdoor,,https://www.atptour.com/en/scores/archive/santa-fe/2887/2025/draws,ATP Challenger,https://www.atptour.com/en/-/tournaments/calendar/challenger
Emilia-Romagna Tennis Cup,"Sassuolo, Italy",16,"June 21, 2025",Clay,Outdoor,,https://www.atptour.com/en/scores/archive/sassuolo/9835/2025/draws,ATP Challenger,https://www.atptour.com/en/-/tournaments/calendar/challenger
Lexus Nottingham Open,"Nottingham, Great Britain",16,"June 21, 2025",Grass,Outdoor,,https://www.atptour.com/en/scores/archive/nottingham/7740/2025/draws,ATP Challenger,https://www.atptour.com/en/-/tournaments/calendar/challenger
Enea Poznan Open,"Poznan, Poland",16,"June 21, 2025",Clay,Outdoor,,https://www.atptour.com/en/scores/archive/poznan/786/2025/draws,ATP Challenger,https://www.atptour.com/en/-/tournaments/calendar/challenger
Bolivia Open,"Santa Cruz, Bolivia",16,"June 21, 2025",Clay,Outdoor,,https://www.atptour.com/en/scores/archive/santa-cruz/9479/2025/draws,ATP Challenger,https://www.atptour.com/en/-/tournaments/calendar/challenger
Royan Atlantique Open,"Royan, France",16,"June 21, 2025",Clay,Outdoor,,https://www.atptour.com/en/scores/archive/royan/4942/2025/draws,ATP Challenger,https://www.atptour.com/en/-/tournaments/calendar/challenger
Aspria Tennis Cup trofeo BCS,"Milan, Italy",23,"June 28, 2025",Clay,Outdoor,,https://www.atptour.com/en/scores/archive/milan/3463/2025/draws,ATP Challenger,https://www.atptour.com/en/-/tournaments/calendar/challenger
Lima Challenger,"Lima, Peru",23,"June 28, 2025",Clay,Outdoor,,https://www.atptour.com/en/scores/archive/lima/2787/2025/draws,ATP Challenger,https://www.atptour.com/en/-/tournaments/calendar/challenger
Cary Tennis Classic,"Cary, United States",30 June,"July 6, 2025",Hard,Outdoor,,https://www.atptour.com/en/scores/archive/cary/7316/2025/draws,ATP Challenger,https://www.atptour.com/en/-/tournaments/calendar/challenger
Ion Tiriac Challenger,"Brasov, Romania",30 June,"July 6, 2025",Clay,Outdoor,,https://www.atptour.com/en/scores/archive/brasov/2931/2025/draws,ATP Challenger,https://www.atptour.com/en/-/tournaments/calendar/challenger
Modena Challenger,"Modena, Italy",30 June,"July 6, 2025",Clay,Outdoor,,https://www.atptour.com/en/scores/archive/modena/2877/2025/draws,ATP Challenger,https://www.atptour.com/en/-/tournaments/calendar/challenger
Internationaux de Tennis de Troyes,"Troyes, France",30 June,"July 6, 2025",Clay,Outdoor,,https://www.atptour.com/en/scores/archive/troyes/1214/2025/draws,ATP Challenger,https://www.atptour.com/en/-/tournaments/calendar/challenger
Hall of Fame Open,"Newport, United States",7,"July 13, 2025",Grass,Outdoor,,https://www.atptour.com/en/scores/archive/newport/315/2025/draws,ATP Challenger,https://www.atptour.com/en/-/tournaments/calendar/challenger
Brawo Open,"Braunschweig, Germany",7,"July 12, 2025",Clay,Outdoor,,https://www.atptour.com/en/scores/archive/braunschweig/526/2025/draws,ATP Challenger,https://www.atptour.com/en/-/tournaments/calendar/challenger
Citta' Di Trieste,"Trieste, Italy",7,"July 13, 2025",Clay,Outdoor,,https://www.atptour.com/en/scores/archive/trieste/9351/2025/draws,ATP Challenger,https://www.atptour.com/en/-/tournaments/calendar/challenger
Concord Iasi Open,"Iasi, Romania",7,"July 13, 2025",Clay,Outdoor,,https://www.atptour.com/en/scores/archive/iasi/8394/2025/draws,ATP Challenger,https://www.atptour.com/en/-/tournaments/calendar/challenger
Winnipeg National Bank Challenger,"Winnipeg, Canada",7,"July 13, 2025",Hard,Outdoor,,https://www.atptour.com/en/scores/archive/winnipeg/7542/2025/draws,ATP Challenger,https://www.atptour.com/en/-/tournaments/calendar/challenger
Lexus Nottingham Challenger 3,"Nottingham, Great Britain",7,"July 13, 2025",Grass,Outdoor,,https://www.atptour.com/en/scores/archive/nottingham/3007/2025/draws,ATP Challenger,https://www.atptour.com/en/-/tournaments/calendar/challenger
Internazionali di Tennis San Marino Open,"San Marino, San Marino",14,"July 20, 2025",Clay,Outdoor,,https://www.atptour.com/en/scores/archive/san-marino/9540/2025/draws,ATP Challenger,https://www.atptour.com/en/-/tournaments/calendar/challenger
Les Championnats Banque Nationale de Granby,"Granby, Canada",14,"July 20, 2025",Hard,Outdoor,,https://www.atptour.com/en/scores/archive/granby/877/2025/draws,ATP Challenger,https://www.atptour.com/en/-/tournaments/calendar/challenger
Dutch Open Tournament,"Bunschoten, Netherlands",14,"July 20, 2025",Clay,Outdoor,,https://www.atptour.com/en/scores/archive/bunschoten/9198/2025/draws,ATP Challenger,https://www.atptour.com/en/-/tournaments/calendar/challenger
Open Ciudad de Pozoblanco,"Pozoblanco, Spain",14,"July 20, 2025",Hard,Outdoor,,https://www.atptour.com/en/scores/archive/pozoblanco/472/2025/draws,ATP Challenger,https://www.atptour.com/en/-/tournaments/calendar/challenger
Dialectic Zug Open,"Zug, Switzerland",21,"July 27, 2025",Clay,Outdoor,,https://www.atptour.com/en/scores/archive/zug/2785/2025/draws,ATP Challenger,https://www.atptour.com/en/-/tournaments/calendar/challenger
Cranbrook Tennis Classic,"Bloomfield Hills, United States",21,"July 27, 2025",Hard,Outdoor,,https://www.atptour.com/en/scores/archive/bloomfield-hills/2883/2025/draws,ATP Challenger,https://www.atptour.com/en/-/tournaments/calendar/challenger
Open Castilla y Leon Villa de el Espinar,"Segovia, Spain",21,"July 27, 2025",Hard,Outdoor,,https://www.atptour.com/en/scores/archive/segovia/783/2025/draws,ATP Challenger,https://www.atptour.com/en/-/tournaments/calendar/challenger
Tampere Open,"Tampere, Finland",21,"July 27, 2025",Clay,Outdoor,,https://www.atptour.com/en/scores/archive/tampere/221/2025/draws,ATP Challenger,https://www.atptour.com/en/-/tournaments/calendar/challenger
Eupago Porto Open,"Porto, Portugal",28 July,"August 3, 2025",Hard,Outdoor,,https://www.atptour.com/en/scores/archive/porto/9526/2025/draws,ATP Challenger,https://www.atptour.com/en/-/tournaments/calendar/challenger
Lexington Open,"Lexington, United States",28 July,"August 3, 2025",Hard,Outdoor,,https://www.atptour.com/en/scores/archive/lexington/586/2025/draws,ATP Challenger,https://www.atptour.com/en/-/tournaments/calendar/challenger
Platzmann Open,"Hagen, Germany",28 July,"August 3, 2025",Clay,Outdoor,,https://www.atptour.com/en/scores/archive/hagen/9542/2025/draws,ATP Challenger,https://www.atptour.com/en/-/tournaments/calendar/challenger
Svijany Open,"Liberec, Czechia",28 July,"August 3, 2025",Clay,Outdoor,,https://www.atptour.com/en/scores/archive/liberec/6795/2025/draws,ATP Challenger,https://www.atptour.com/en/-/tournaments/calendar/challenger
President's Cup,"Astana, Kazakhstan",28 July,"August 3, 2025",Hard,Outdoor,,https://www.atptour.com/en/scores/archive/astana/9533/2025/draws,ATP Challenger,https://www.atptour.com/en/-/tournaments/calendar/challenger
2025 CHICAGO MEN'S CHALLENGER,"Chicago, United States",4,"August 10, 2025",Hard,Outdoor,,https://www.atptour.com/en/scores/archive/chicago/2797/2025/draws,ATP Challenger,https://www.atptour.com/en/-/tournaments/calendar/challenger
Bonn Open,"Bonn, Germany",4,"August 10, 2025",Clay,Outdoor,,https://www.atptour.com/en/scores/archive/bonn/2935/2025/draws,ATP Challenger,https://www.atptour.com/en/-/tournaments/calendar/challenger
Kozerki Open,"Grodzisk Mazowiecki, Poland",4,"August 10, 2025",Hard,Outdoor,,https://www.atptour.com/en/scores/archive/grodzisk-mazowiecki/2789/2025/draws,ATP Challenger,https://www.atptour.com/en/-/tournaments/calendar/challenger
"Serena Wines 1881 - Acqua Maniva Tennis Cup ""Internazionali del Friuli Venezia Giulia""","Cordenons, Italy",4,"August 10, 2025",Clay,Outdoor,,https://www.atptour.com/en/scores/archive/cordenons/2120/2025/draws,ATP Challenger,https://www.atptour.com/en/-/tournaments/calendar/challenger
Kia Open,"Barranquilla, Colombia",11,"August 16, 2025",Hard,Outdoor,,https://www.atptour.com/en/scores/archive/barranquilla/6250/2025/draws,ATP Challenger,https://www.atptour.com/en/-/tournaments/calendar/challenger
Internazionali di Tennis Citta di Todi | CERgo Tennis Cup,"Todi, Italy",11,"August 16, 2025",Clay,Outdoor,,https://www.atptour.com/en/scores/archive/todi/8392/2025/draws,ATP Challenger,https://www.atptour.com/en/-/tournaments/calendar/challenger
Genesis Traiding Cup,"Sofia, Bulgaria",11,"August 16, 2025",Clay,Outdoor,,https://www.atptour.com/en/scores/archive/sofia/2043/2025/draws,ATP Challenger,https://www.atptour.com/en/-/tournaments/calendar/challenger
Hersonissos Challenger 3,"Hersonissos, Greece",11,"August 16, 2025",Hard,Outdoor,,https://www.atptour.com/en/scores/archive/hersonissos/3017/2025/draws,ATP Challenger,https://www.atptour.com/en/-/tournaments/calendar/challenger
Europcar Cancun Country Club,"Cancun, Mexico",12,"August 17, 2025",Hard,Outdoor,,https://www.atptour.com/en/scores/archive/cancun/3009/2025/draws,ATP Challenger,https://www.atptour.com/en/-/tournaments/calendar/challenger
Serve First Open,"Sumter, United States",12,"August 17, 2025",Hard,Outdoor,,https://www.atptour.com/en/scores/archive/sumter/3015/2025/draws,ATP Challenger,https://www.atptour.com/en/-/tournaments/calendar/challenger
Genesis Trading Cup,"Sofia, Bulgaria",18,"August 23, 2025",Clay,Outdoor,,https://www.atptour.com/en/scores/archive/sofia/2945/2025/draws,ATP Challenger,https://www.atptour.com/en/-/tournaments/calendar/challenger
Hersonissos Challenger 4,"Hersonissos, Greece",18,"August 23, 2025",Hard,Outdoor,,https://www.atptour.com/en/scores/archive/hersonissos/3019/2025/draws,ATP Challenger,https://www.atptour.com/en/-/tournaments/calendar/challenger
Schwaben Open,"Augsburg, Germany",18,"August 23, 2025",Clay,Outdoor,,https://www.atptour.com/en/scores/archive/augsburg/8266/2025/draws,ATP Challenger,https://www.atptour.com/en/-/tournaments/calendar/challenger
International Challenger-Zhangjiagang,"Zhangjiagang, China",25,"August 31, 2025",Hard,Outdoor,,https://www.atptour.com/en/scores/archive/zhangjiagang/7783/2025/draws,ATP Challenger,https://www.atptour.com/en/-/tournaments/calendar/challenger
Como Lake Challenger,"Como, Italy",25,"August 31, 2025",Clay,Outdoor,,https://www.atptour.com/en/scores/archive/como/3473/2025/draws,ATP Challenger,https://www.atptour.com/en/-/tournaments/calendar/challenger
CT PORTO CUP,"Porto, Portugal",25,"August 31, 2025",Clay,Outdoor,,https://www.atptour.com/en/scores/archive/porto/2933/2025/draws,ATP Challenger,https://www.atptour.com/en/-/tournaments/calendar/challenger
Rafa Nadal Open by Movistar,"Manacor, Spain",26,"August 31, 2025",Hard,Outdoor,,https://www.atptour.com/en/scores/archive/manacor/7973/2025/draws,ATP Challenger,https://www.atptour.com/en/-/tournaments/calendar/challenger
AON Open Challenger Memorial Giorgio Messina,"Genoa, Italy",1,"September 7, 2025",Clay,Outdoor,,https://www.atptour.com/en/scores/archive/genoa/1763/2025/draws,ATP Challenger,https://www.atptour.com/en/-/tournaments/calendar/challenger
LXII Copa Sevilla,"Seville, Spain",1,"September 7, 2025",Clay,Outdoor,,https://www.atptour.com/en/scores/archive/seville/784/2025/draws,ATP Challenger,https://www.atptour.com/en/-/tournaments/calendar/challenger
Road to the Rolex Shanghai Masters,"Shanghai, China",1,"September 7, 2025",Hard,Outdoor,,https://www.atptour.com/en/scores/archive/shanghai/6313/2025/draws,ATP Challenger,https://www.atptour.com/en/-/tournaments/calendar/challenger
NÖ Open powered by EVN,"Tulln, Austria",1,"September 7, 2025",Clay,Outdoor,,https://www.atptour.com/en/scores/archive/tulln/9556/2025/draws,ATP Challenger,https://www.atptour.com/en/-/tournaments/calendar/challenger
Istanbul Challenger TED Open,"Istanbul, Turkiye",1,"September 7, 2025",Hard,Outdoor,,https://www.atptour.com/en/scores/archive/istanbul/7083/2025/draws,ATP Challenger,https://www.atptour.com/en/-/tournaments/calendar/challenger
Cassis Open Provence by Cabesto,"Cassis, France",1,"September 7, 2025",Hard,Outdoor,,https://www.atptour.com/en/scores/archive/cassis/9120/2025/draws,ATP Challenger,https://www.atptour.com/en/-/tournaments/calendar/challenger
Invest in Szczecin Open,"Szczecin, Poland",8,"September 14, 2025",Clay,Outdoor,,https://www.atptour.com/en/scores/archive/szczecin/448/2025/draws,ATP Challenger,https://www.atptour.com/en/-/tournaments/calendar/challenger
Guangzhou Huangpu International Tennis Open,"Guangzhou, China",8,"September 14, 2025",Hard,Outdoor,,https://www.atptour.com/en/scores/archive/guangzhou/2937/2025/draws,ATP Challenger,https://www.atptour.com/en/-/tournaments/calendar/challenger
Open Blot Rennes,"Rennes, France",8,"September 14, 2025",Hard,Indoor,,https://www.atptour.com/en/scores/archive/rennes/3503/2025/draws,ATP Challenger,https://www.atptour.com/en/-/tournaments/calendar/challenger
Winston Salem Challenger,"Winston Salem, United States",8,"September 14, 2025",Hard,Outdoor,,https://www.atptour.com/en/scores/archive/winston-salem/3011/2025/draws,ATP Challenger,https://www.atptour.com/en/-/tournaments/calendar/challenger
città di Biella,"Biella, Italy",8,"September 14, 2025",Clay,Outdoor,,https://www.atptour.com/en/scores/archive/biella/7085/2025/draws,ATP Challenger,https://www.atptour.com/en/-/tournaments/calendar/challenger
Intaro Open,"Targu Mures, Romania",8,"September 14, 2025",Clay,Outdoor,,https://www.atptour.com/en/scores/archive/targu-mures/3021/2025/draws,ATP Challenger,https://www.atptour.com/en/-/tournaments/calendar/challenger
LAYJET - Open presented by Kronen Zeitung,"Bad Waltersdorf, Austria",15,"September 21, 2025",Clay,Outdoor,,https://www.atptour.com/en/scores/archive/bad-waltersdorf/2891/2025/draws,ATP Challenger,https://www.atptour.com/en/-/tournaments/calendar/challenger
Saint-Tropez Open,"Saint-Tropez, France",15,"September 21, 2025",Hard,Outdoor,,https://www.atptour.com/en/scores/archive/saint-tropez/9552/2025/draws,ATP Challenger,https://www.atptour.com/en/-/tournaments/calendar/challenger
AAT Challenger Santander Edicion Villa Maria,"Villa Maria, Argentina",15,"September 21, 2025",Clay,Outdoor,,https://www.atptour.com/en/scores/archive/villa-maria/2811/2025/draws,ATP Challenger,https://www.atptour.com/en/-/tournaments/calendar/challenger
Columbus Challenger,"Columbus, United States",15,"September 21, 2025",Hard,Indoor,,https://www.atptour.com/en/scores/archive/columbus/8281/2025/draws,ATP Challenger,https://www.atptour.com/en/-/tournaments/calendar/challenger
Intaro Open 2,"Targu Mures, Romania",16,"September 21, 2025",Clay,Outdoor,,https://www.atptour.com/en/scores/archive/targu-mures/3023/2025/draws,ATP Challenger,https://www.atptour.com/en/-/tournaments/calendar/challenger
Co'met Orleans Open,"Orleans, France",22,"September 28, 2025",Hard,Indoor,,https://www.atptour.com/en/scores/archive/orleans/2273/2025/draws,ATP Challenger,https://www.atptour.com/en/-/tournaments/calendar/challenger
Jingshan Open,"Jingshan, China",22,"September 28, 2025",Hard,Outdoor,,https://www.atptour.com/en/scores/archive/jingshan/3013/2025/draws,ATP Challenger,https://www.atptour.com/en/-/tournaments/calendar/challenger
Del Monte Lisboa Belém Open,"Lisbon, Portugal",22,"September 28, 2025",Clay,Outdoor,,https://www.atptour.com/en/scores/archive/lisbon/7742/2025/draws,ATP Challenger,https://www.atptour.com/en/-/tournaments/calendar/challenger
Buenos Aires Challenger,"Buenos Aires, Argentina",22,"September 28, 2025",Clay,Outdoor,,https://www.atptour.com/en/scores/archive/buenos-aires/7395/2025/draws,ATP Challenger,https://www.atptour.com/en/-/tournaments/calendar/challenger
Las Vegas Tennis Open,"Las Vegas, United States",22,"September 28, 2025",Hard,Outdoor,,https://www.atptour.com/en/scores/archive/las-vegas/7345/2025/draws,ATP Challenger,https://www.atptour.com/en/-/tournaments/calendar/challenger
Ferrero Challenger,"Villena, Spain",29 September,"October 5, 2025",Hard,Outdoor,,https://www.atptour.com/en/scores/archive/villena/7909/2025/draws,ATP Challenger,https://www.atptour.com/en/-/tournaments/calendar/challenger
Challenger Dove Men+Care Antofagasta,"Antofagasta, Chile",29 September,"October 5, 2025",Clay,Outdoor,,https://www.atptour.com/en/scores/archive/antofagasta/2889/2025/draws,ATP Challenger,https://www.atptour.com/en/-/tournaments/calendar/challenger
Tiburon Challenger,"Tiburon, United States",29 September,"October 5, 2025",Hard,Outdoor,,https://www.atptour.com/en/scores/archive/tiburon/1768/2025/draws,ATP Challenger,https://www.atptour.com/en/-/tournaments/calendar/challenger
Braga Open,"Braga, Portugal",29 September,"October 5, 2025",Clay,Outdoor,,https://www.atptour.com/en/scores/archive/braga/7913/2025/draws,ATP Challenger,https://www.atptour.com/en/-/tournaments/calendar/challenger
Open de Vendée,"Mouilleron le Captif, France",29 September,"October 5, 2025",Hard,Indoor,,https://www.atptour.com/en/scores/archive/mouilleron-le-captif/6857/2025/draws,ATP Challenger,https://www.atptour.com/en/-/tournaments/calendar/challenger
2025 Jinan Open,"Jinan, China",6,"October 12, 2025",Hard,Outdoor,,https://www.atptour.com/en/scores/archive/jinan/7746/2025/draws,ATP Challenger,https://www.atptour.com/en/-/tournaments/calendar/challenger
Copa Faulcombridge by Marcos Automocion,"Valencia, Spain",6,"October 12, 2025",Clay,Outdoor,,https://www.atptour.com/en/scores/archive/valencia/2823/2025/draws,ATP Challenger,https://www.atptour.com/en/-/tournaments/calendar/challenger
l'Open Auvergne-Rhone-Alpes de Roanne,"Roanne, France",6,"October 12, 2025",Hard,Indoor,,https://www.atptour.com/en/scores/archive/roanne/9625/2025/draws,ATP Challenger,https://www.atptour.com/en/-/tournaments/calendar/challenger
Kia Open,"Cali, Colombia",6,"October 12, 2025",Clay,Outdoor,,https://www.atptour.com/en/scores/archive/cali/9814/2025/draws,ATP Challenger,https://www.atptour.com/en/-/tournaments/calendar/challenger
GROSSMAN-KENNEDY / LWH SOLANO CHALLENGER,"Fairfield, United States",6,"October 12, 2025",Hard,Outdoor,,https://www.atptour.com/en/scores/archive/fairfield/7339/2025/draws,ATP Challenger,https://www.atptour.com/en/-/tournaments/calendar/challenger
Hersonissos Challenger 5,"Hersonissos, Greece",6,"October 12, 2025",Hard,Outdoor,,https://www.atptour.com/en/scores/archive/hersonissos/3025/2025/draws,ATP Challenger,https://www.atptour.com/en/-/tournaments/calendar/challenger
Olbia Challenger,"Olbia, Italy",13,"October 19, 2025",Hard,Outdoor,,https://www.atptour.com/en/scores/archive/olbia/2893/2025/draws,ATP Challenger,https://www.atptour.com/en/-/tournaments/calendar/challenger
Copa Internacional de Tenis,"Curitiba, Brazil",13,"October 19, 2025",Clay,Outdoor,,https://www.atptour.com/en/scores/archive/curitiba/2895/2025/draws,ATP Challenger,https://www.atptour.com/en/-/tournaments/calendar/challenger
Lincoln Challenger,"Lincoln, United States",13,"October 19, 2025",Hard,Indoor,,https://www.atptour.com/en/scores/archive/lincoln/2941/2025/draws,ATP Challenger,https://www.atptour.com/en/-/tournaments/calendar/challenger
SHENZHEN TENNIS OPEN 2025,"Shenzhen, China",13,"October 19, 2025",Hard,Outdoor,,https://www.atptour.com/en/scores/archive/shenzhen/3027/2025/draws,ATP Challenger,https://www.atptour.com/en/-/tournaments/calendar/challenger
Hersonissos Challenger 6,"Hersonissos, Greece",13,"October 19, 2025",Hard,Outdoor,,https://www.atptour.com/en/scores/archive/hersonissos/3029/2025/draws,ATP Challenger,https://www.atptour.com/en/-/tournaments/calendar/challenger
Costa do Sauipe Open,"Costa do Sauipe, Brazil",20,"October 26, 2025",Clay,Outdoor,,https://www.atptour.com/en/scores/archive/costa-do-sauipe/3031/2025/draws,ATP Challenger,https://www.atptour.com/en/-/tournaments/calendar/challenger
MarketBeat Open,"Sioux Falls, United States",20,"October 26, 2025",Hard,Indoor,,https://www.atptour.com/en/scores/archive/sioux-falls/2951/2025/draws,ATP Challenger,https://www.atptour.com/en/-/tournaments/calendar/challenger
BREST OPEN GROUPE VERT,"Brest, France",20,"October 26, 2025",Hard,Indoor,,https://www.atptour.com/en/scores/archive/brest/7341/2025/draws,ATP Challenger,https://www.atptour.com/en/-/tournaments/calendar/challenger
SUZHOU CHALLENGER 2025,"Suzhou, China",20,"October 26, 2025",Hard,Outdoor,,https://www.atptour.com/en/scores/archive/suzhou/3033/2025/draws,ATP Challenger,https://www.atptour.com/en/-/tournaments/calendar/challenger
HAMBURG LADIES & GENTS CUP,"Hamburg, Germany",20,"October 26, 2025",Hard,Indoor,,https://www.atptour.com/en/scores/archive/hamburg/8297/2025/draws,ATP Challenger,https://www.atptour.com/en/-/tournaments/calendar/challenger
Slovak Open,"Bratislava, Slovak Republic",27 October,"November 2, 2025",Hard,Indoor,,https://www.atptour.com/en/scores/archive/bratislava/444/2025/draws,ATP Challenger,https://www.atptour.com/en/-/tournaments/calendar/challenger
EUGENE Seoul Open 2025,"Seoul, South Korea",27 October,"November 2, 2025",Hard,Outdoor,,https://www.atptour.com/en/scores/archive/seoul/7288/2025/draws,ATP Challenger,https://www.atptour.com/en/-/tournaments/calendar/challenger
Jonathan Fried Men's Pro Challenger,"Charlottesville, United States",27 October,"November 2, 2025",Hard,Indoor,,https://www.atptour.com/en/scores/archive/charlottesville/6055/2025/draws,ATP Challenger,https://www.atptour.com/en/-/tournaments/calendar/challenger
Los Inkas Open,"Lima, Peru",27 October,"November 2, 2025",Clay,Outdoor,,https://www.atptour.com/en/scores/archive/lima/3049/2025/draws,ATP Challenger,https://www.atptour.com/en/-/tournaments/calendar/challenger
Monastir Open,"Monastir, Tunisia",27 October,"November 2, 2025",Hard,Outdoor,,https://www.atptour.com/en/scores/archive/monastir/3035/2025/draws,ATP Challenger,https://www.atptour.com/en/-/tournaments/calendar/challenger
HPP Open 2025,"Helsinki, Finland",3,"November 9, 2025",Hard,Indoor,,https://www.atptour.com/en/scores/current-challenger/helsinki/8310/draws,ATP Challenger,https://www.atptour.com/en/-/tournaments/calendar/challenger
TAIWAN SANTAIZI CHALLENGER,"Taipei, Chinese Taipei",3,"November 9, 2025",Hard,Outdoor,,https://www.atptour.com/en/scores/current-challenger/taipei/2278/draws,ATP Challenger,https://www.atptour.com/en/-/tournaments/calendar/challenger
Igma Open,"Lima, Peru",3,"November 9, 2025",Clay,Outdoor,,https://www.atptour.com/en/scores/current-challenger/lima-2/6579/draws,ATP Challenger,https://www.atptour.com/en/-/tournaments/calendar/challenger
UNICHARM TROPHY EHIME INTERNATIONAL OPEN TENNIS,"Matsuyama, Japan",3,"November 9, 2025",Hard,Outdoor,,https://www.atptour.com/en/scores/current-challenger/matsuyama/8386/draws,ATP Challenger,https://www.atptour.com/en/-/tournaments/calendar/challenger
Knoxville Challenger,"Knoxville, United States",3,"November 9, 2025",Hard,Indoor,,https://www.atptour.com/en/scores/current-challenger/knoxville/363/draws,ATP Challenger,https://www.atptour.com/en/-/tournaments/calendar/challenger
Uruguay Open,"Montevideo, Uruguay",10,"November 16, 2025",Clay,Outdoor,,https://www.atptour.com/en/scores/current-challenger/montevideo/544/draws,ATP Challenger,https://www.atptour.com/en/-/tournaments/calendar/challenger
Brisbane 3,"Brisbane, Australia",10,"November 16, 2025",Hard,Outdoor,,https://www.atptour.com/en/scores/current-challenger/brisbane-3/3037/draws,ATP Challenger,https://www.atptour.com/en/-/tournaments/calendar/challenger
Challenger Banque Nationale de Drummondville,"Drummondville, Canada",10,"November 16, 2025",Hard,Indoor,,https://www.atptour.com/en/scores/current-challenger/drummondville/7235/draws,ATP Challenger,https://www.atptour.com/en/-/tournaments/calendar/challenger
Hyogo Noah Challenger,"Kobe, Japan",10,"November 16, 2025",Hard,Indoor,,https://www.atptour.com/en/scores/current-challenger/kobe/7397/draws,ATP Challenger,https://www.atptour.com/en/-/tournaments/calendar/challenger
Paine Schwartz Partners Challenger,"Champaign, United States",10,"November 16, 2025",Hard,Indoor,,https://www.atptour.com/en/scores/current-challenger/champaign/637/draws,ATP Challenger,https://www.atptour.com/en/-/tournaments/calendar/challenger
ALL IN OPEN Auvergne-Rhône-Alpes,"Lyon, France",10,"November 16, 2025",Hard,Indoor,,https://www.atptour.com/en/scores/current-challenger/lyon-(décines-charpieu)/2963/draws,ATP Challenger,https://www.atptour.com/en/-/tournaments/calendar/challenger
Trofeo Perrel - Faip,"Bergamo, Italy",17,"November 23, 2025",Hard,Indoor,,https://www.atptour.com/en/scores/current-challenger/bergamo/854/draws,ATP Challenger,https://www.atptour.com/en/-/tournaments/calendar/challenger
Challenger Ciudad de Guayaquil,Guayaquil,17,"November 23, 2025",Clay,Outdoor,,https://www.atptour.com/en/scores/current-challenger/guayaquil-----------------------------------------/7391/draws,ATP Challenger,https://www.atptour.com/en/-/tournaments/calendar/challenger
ENGIE Open,"Florianopolis, Brazil",17,"November 23, 2025",Clay,Outdoor,,https://www.atptour.com/en/scores/current-challenger/florianopolis-/9651/draws,ATP Challenger,https://www.atptour.com/en/-/tournaments/calendar/challenger
NSW Open,"Sydney, Australia",17,"November 23, 2025",Hard,Outdoor,,https://www.atptour.com/en/scores/current-challenger/sydney/2817/draws,ATP Challenger,https://www.atptour.com/en/-/tournaments/calendar/challenger
YOKOHAMA KEIO CHALLENGER by MITA KOSAN,"Yokohama, Japan",17,"November 23, 2025",Hard,Outdoor,,https://www.atptour.com/en/scores/current-challenger/yokohama/6626/draws,ATP Challenger,https://www.atptour.com/en/-/tournaments/calendar/challenger
Il Montemar Challenger ENE Construccion,"Montemar, Spain",17,"November 23, 2025",Clay,Outdoor,,https://www.atptour.com/en/scores/current-challenger/montemar/2955/draws,ATP Challenger,https://www.atptour.com/en/-/tournaments/calendar/challenger
Soma Bay,"Soma Bay, Egypt",17,"November 23, 2025",Hard,Outdoor,,https://www.atptour.com/en/scores/current-challenger/soma-bay/3039/draws,ATP Challenger,https://www.atptour.com/en/-/tournaments/calendar/challenger
Challenger Dove Men+Care Temuco,"Temuco, Chile",24,"November 30, 2025",Hard,Outdoor,,https://www.atptour.com/en/scores/current-challenger/temuco/2829/draws,ATP Challenger,https://www.atptour.com/en/-/tournaments/calendar/challenger
Maia Open,"Maia, Portugal",24,"November 30, 2025",Clay,Indoor,,https://www.atptour.com/en/scores/current-challenger/maia/8312/draws,ATP Challenger,https://www.atptour.com/en/-/tournaments/calendar/challenger
Bogota (Los Lagartos),"Bogota, Colombia",24,"November 30, 2025",Clay,Outdoor,,https://www.atptour.com/en/scores/current-challenger/bogota-(los-lagartos)/3041/draws,ATP Challenger,https://www.atptour.com/en/-/tournaments/calendar/challenger
City of Playford Tennis International,"Playford, Australia",24,"November 30, 2025",Hard,Outdoor,,https://www.atptour.com/en/scores/current-challenger/playford/7586/draws,ATP Challenger,https://www.atptour.com/en/-/tournaments/calendar/challenger
Islamabad,"Islamabad, Pakistan",24,"November 30, 2025",Hard,Outdoor,,https://www.atptour.com/en/scores/current-challenger/islamabad/3051/draws,ATP Challenger,https://www.atptour.com/en/-/tournaments/calendar/challenger
Manama 2,"Manama, Bahrain",24,"November 30, 2025",Hard,Outdoor,,https://www.atptour.com/en/scores/current-challenger/manama-2/3045/draws,ATP Challenger,https://www.atptour.com/en/-/tournaments/calendar/challenger
Athens,"Athens, Greece",24,"November 30, 2025",Hard,Outdoor,,https://www.atptour.com/en/scores/current-challenger/athens/3043/draws,ATP Challenger,https://www.atptour.com/en/-/tournaments/calendar/challenger
