name,location,start_date,end_date,surface,indoor_outdoor,winner,results_url,source,source_page
M25 Bali,"Bali, Indonesia","December 30, 2024","January 5, 2025",Hard,Outdoor,,,ITF,https://www.atptour.com/en/-/tournaments/calendar/futures
M25 Indore,"Indore, India","December 30, 2024","January 5, 2025",Hard,Outdoor,,,ITF,https://www.atptour.com/en/-/tournaments/calendar/futures
M25 Bhopal,"Bhopal, India",6,"January 12, 2025",Hard,Outdoor,,,ITF,https://www.atptour.com/en/-/tournaments/calendar/futures
M25 Hazebrouck,"Hazebrouck, France",6,"January 12, 2025",Hard,Indoor,,,ITF,https://www.atptour.com/en/-/tournaments/calendar/futures
M25 Ithaca,"Ithaca, United States",6,"January 12, 2025",Hard,Indoor,,,ITF,https://www.atptour.com/en/-/tournaments/calendar/futures
M15 Antalya,"Antalya, Turkiye",6,"January 12, 2025",Clay,Outdoor,,,ITF,https://www.atptour.com/en/-/tournaments/calendar/futures
M15 Kingston,"Kingston, Jamaica",6,"January 12, 2025",Hard,Outdoor,,,ITF,https://www.atptour.com/en/-/tournaments/calendar/futures
M15 Manacor,"Manacor, Spain",6,"January 12, 2025",Hard,Outdoor,,,ITF,https://www.atptour.com/en/-/tournaments/calendar/futures
M15 Oslo,"Oslo, Norway",6,"January 12, 2025",Hard,Indoor,,,ITF,https://www.atptour.com/en/-/tournaments/calendar/futures
M15 Monastir,"Monastir, Tunisia",6,"January 12, 2025",Hard,Outdoor,,,ITF,https://www.atptour.com/en/-/tournaments/calendar/futures
M25 Chennai,"Chennai, India",13,"January 19, 2025",Hard,Outdoor,,,ITF,https://www.atptour.com/en/-/tournaments/calendar/futures
M15 Antalya,"Antalya, Turkiye",13,"January 19, 2025",Clay,Outdoor,,,ITF,https://www.atptour.com/en/-/tournaments/calendar/futures
M15 Bressuire,"Bressuire, France",13,"January 19, 2025",Hard,Indoor,,,ITF,https://www.atptour.com/en/-/tournaments/calendar/futures
M15 Cadolzburg,"Cadolzburg, Germany",13,"January 19, 2025",Carpet,Indoor,,,ITF,https://www.atptour.com/en/-/tournaments/calendar/futures
M15 Doha,"Doha, Qatar",13,"January 19, 2025",Hard,Outdoor,,,ITF,https://www.atptour.com/en/-/tournaments/calendar/futures
M15 Kingston,"Kingston, Jamaica",13,"January 19, 2025",Hard,Outdoor,,,ITF,https://www.atptour.com/en/-/tournaments/calendar/futures
M15 Manacor,"Manacor, Spain",13,"January 19, 2025",Hard,Outdoor,,,ITF,https://www.atptour.com/en/-/tournaments/calendar/futures
M15 Monastir,"Monastir, Tunisia",13,"January 19, 2025",Hard,Outdoor,,,ITF,https://www.atptour.com/en/-/tournaments/calendar/futures
M15 Santiago,"Santiago, Chile",13,"January 19, 2025",Clay,Outdoor,,,ITF,https://www.atptour.com/en/-/tournaments/calendar/futures
M25 Doha,"Doha, Qatar",20,"January 26, 2025",Hard,Outdoor,,,ITF,https://www.atptour.com/en/-/tournaments/calendar/futures
M25 Esch Alzette,"Esch-sur-Alzette, Luxembourg",20,"January 26, 2025",Hard,Indoor,,,ITF,https://www.atptour.com/en/-/tournaments/calendar/futures
M25 Nussloch,"Nussloch, Germany",20,"January 26, 2025",Carpet,Indoor,,,ITF,https://www.atptour.com/en/-/tournaments/calendar/futures
M25 Sunderland,"Sunderland, Great Britain",20,"January 26, 2025",Hard,Indoor,,,ITF,https://www.atptour.com/en/-/tournaments/calendar/futures
M15 Antalya,"Antalya, Turkiye",20,"January 26, 2025",Clay,Outdoor,,,ITF,https://www.atptour.com/en/-/tournaments/calendar/futures
M15 Manacor,"Manacor, Spain",20,"January 26, 2025",Hard,Outdoor,,,ITF,https://www.atptour.com/en/-/tournaments/calendar/futures
M15 Monastir,"Monastir, Tunisia",20,"January 26, 2025",Hard,Outdoor,,,ITF,https://www.atptour.com/en/-/tournaments/calendar/futures
M15 Santiago,"Santiago, Chile",20,"January 26, 2025",Clay,Outdoor,,,ITF,https://www.atptour.com/en/-/tournaments/calendar/futures
M15+H Bagnoles de l'Orne,"Bagnoles de l'Ome, France",20,"January 26, 2025",Clay,Indoor,,,ITF,https://www.atptour.com/en/-/tournaments/calendar/futures
M25 Antalya,"Antalya, Turkiye",27 January,"February 2, 2025",Clay,Outdoor,,,ITF,https://www.atptour.com/en/-/tournaments/calendar/futures
M25 Glasgow,"Glasgow, Great Britain",27 January,"February 2, 2025",Hard,Indoor,,,ITF,https://www.atptour.com/en/-/tournaments/calendar/futures
M15 Huamantla,"Huamantla, Mexico",27 January,"February 2, 2025",Hard,Outdoor,,,ITF,https://www.atptour.com/en/-/tournaments/calendar/futures
M15 Monastir,"Monastir, Tunisia",27 January,"February 2, 2025",Hard,Outdoor,,,ITF,https://www.atptour.com/en/-/tournaments/calendar/futures
"M15 Palm Coast, FL","Palm Coast, United States",27 January,"February 2, 2025",Clay,Outdoor,,,ITF,https://www.atptour.com/en/-/tournaments/calendar/futures
M15 Sharm ElSheikh,"Sharm ElSheikh, Egypt",27 January,"February 2, 2025",Hard,Outdoor,,,ITF,https://www.atptour.com/en/-/tournaments/calendar/futures
M15 Zahra,"Zahra, Kuwait",27 January,"February 2, 2025",Hard,Outdoor,,,ITF,https://www.atptour.com/en/-/tournaments/calendar/futures
M25 Antalya,"Antalya, Turkiye",3,"February 9, 2025",Clay,Outdoor,,,ITF,https://www.atptour.com/en/-/tournaments/calendar/futures
M15 Huamantla,"Huamantla, Mexico",3,"February 9, 2025",Hard,Outdoor,,,ITF,https://www.atptour.com/en/-/tournaments/calendar/futures
M15 Monastir,"Monastir, Tunisia",3,"February 9, 2025",Hard,Outdoor,,,ITF,https://www.atptour.com/en/-/tournaments/calendar/futures
M15 Sharm ElSheikh,"Sharm ElSheikh, Egypt",3,"February 9, 2025",Hard,Outdoor,,,ITF,https://www.atptour.com/en/-/tournaments/calendar/futures
"M15 Sunrise, FL","Sunrise, United States",3,"February 9, 2025",Clay,Outdoor,,,ITF,https://www.atptour.com/en/-/tournaments/calendar/futures
M15 Valencia,"Valencia, Spain",3,"February 9, 2025",Clay,Outdoor,,,ITF,https://www.atptour.com/en/-/tournaments/calendar/futures
M15 Zahra,"Zahra, Kuwait",3,"February 9, 2025",Hard,Outdoor,,,ITF,https://www.atptour.com/en/-/tournaments/calendar/futures
M25 Punta del Este,"Punta del Este, Uruguay",10,"February 16, 2025",Clay,Outdoor,,,ITF,https://www.atptour.com/en/-/tournaments/calendar/futures
M25 Roehampton,"Roehampton, Great Britain",10,"February 16, 2025",Hard,Indoor,,,ITF,https://www.atptour.com/en/-/tournaments/calendar/futures
M25 Timaru,"Timaru, New Zealand",10,"February 16, 2025",Hard,Outdoor,,,ITF,https://www.atptour.com/en/-/tournaments/calendar/futures
M25 Vila Real de Santo Antonio,"Vila Real de Santo Antonio, Portugal",10,"February 16, 2025",Hard,Outdoor,,,ITF,https://www.atptour.com/en/-/tournaments/calendar/futures
M15 Antalya,"Antalya, Turkiye",10,"February 16, 2025",Clay,Outdoor,,,ITF,https://www.atptour.com/en/-/tournaments/calendar/futures
M15 Bucharest,"Bucharest, Romania",10,"February 16, 2025",Hard,Indoor,,,ITF,https://www.atptour.com/en/-/tournaments/calendar/futures
M15 Huamantla,"Huamantla, Mexico",10,"February 16, 2025",Hard,Outdoor,,,ITF,https://www.atptour.com/en/-/tournaments/calendar/futures
M15 Monastir,"Monastir, Tunisia",10,"February 16, 2025",Hard,Outdoor,,,ITF,https://www.atptour.com/en/-/tournaments/calendar/futures
"M15 Naples, FL","Naples, United States",10,"February 16, 2025",Clay,Outdoor,,,ITF,https://www.atptour.com/en/-/tournaments/calendar/futures
M15 Oberhaching,"Oberhachling, Germany",10,"February 16, 2025",Hard,Indoor,,,ITF,https://www.atptour.com/en/-/tournaments/calendar/futures
M15 Sharm ElSheikh,"Sharm ElSheikh, Egypt",10,"February 16, 2025",Hard,Outdoor,,,ITF,https://www.atptour.com/en/-/tournaments/calendar/futures
M15 Valencia,"Valencia, Spain",10,"February 16, 2025",Clay,Outdoor,,,ITF,https://www.atptour.com/en/-/tournaments/calendar/futures
M25 Burnie,"Burnie, Australia",17,"February 23, 2025",Hard,Outdoor,,,ITF,https://www.atptour.com/en/-/tournaments/calendar/futures
M25 Punta del Este,"Punta del Este, Uruguay",17,"February 23, 2025",Clay,Outdoor,,,ITF,https://www.atptour.com/en/-/tournaments/calendar/futures
M25 Trento,"Trento, Italy",17,"February 23, 2025",Hard,Indoor,,,ITF,https://www.atptour.com/en/-/tournaments/calendar/futures
M25 Vila Real de Santo Antonio,"Vila Real de Santo Antonio, Portugal",17,"February 23, 2025",Hard,Outdoor,,,ITF,https://www.atptour.com/en/-/tournaments/calendar/futures
M15 Antalya,"Antalya, Turkiye",17,"February 23, 2025",Clay,Outdoor,,,ITF,https://www.atptour.com/en/-/tournaments/calendar/futures
M15 Lannion,"Lannion, France",17,"February 23, 2025",Hard,Indoor,,,ITF,https://www.atptour.com/en/-/tournaments/calendar/futures
M15 Monastir,"Monastir, Tunisia",17,"February 23, 2025",Hard,Outdoor,,,ITF,https://www.atptour.com/en/-/tournaments/calendar/futures
"M15 Naples, FL","Naples, United States",17,"February 23, 2025",Clay,Outdoor,,,ITF,https://www.atptour.com/en/-/tournaments/calendar/futures
M15 Pretoria,"Pretoria, South Africa",17,"February 23, 2025",Hard,Outdoor,,,ITF,https://www.atptour.com/en/-/tournaments/calendar/futures
M15 Sharm ElSheikh,"Sharm ElSheikh, Egypt",17,"February 23, 2025",Hard,Outdoor,,,ITF,https://www.atptour.com/en/-/tournaments/calendar/futures
M15 Villena,"Villena, Spain",17,"February 23, 2025",Hard,Outdoor,,,ITF,https://www.atptour.com/en/-/tournaments/calendar/futures
M25 Faro,"Faro, Portugal",24 February,"March 2, 2025",Hard,Outdoor,,,ITF,https://www.atptour.com/en/-/tournaments/calendar/futures
M25 Launceston,"Launceston, Australia",24 February,"March 2, 2025",Hard,Outdoor,,,ITF,https://www.atptour.com/en/-/tournaments/calendar/futures
M25 Yerba Buena,"Yerba Buena, Argentina",24 February,"March 2, 2025",Clay,Outdoor,,,ITF,https://www.atptour.com/en/-/tournaments/calendar/futures
M15 Antalya,"Antalya, Turkiye",24 February,"March 2, 2025",Clay,Outdoor,,,ITF,https://www.atptour.com/en/-/tournaments/calendar/futures
M15 Huamantla,"Huamantla, Mongolia",24 February,"March 3, 2025",Hard,Outdoor,,,ITF,https://www.atptour.com/en/-/tournaments/calendar/futures
M15 Maanshan,"Maanshan, China",24 February,"March 2, 2025",Hard,Indoor,,,ITF,https://www.atptour.com/en/-/tournaments/calendar/futures
M15 Monastir,"Monastir, Tunisia",24 February,"March 2, 2025",Hard,Outdoor,,,ITF,https://www.atptour.com/en/-/tournaments/calendar/futures
M15 Pretoria,"Pretoria, South Africa",24 February,"March 2, 2025",Hard,Outdoor,,,ITF,https://www.atptour.com/en/-/tournaments/calendar/futures
M15 Sharm ElSheikh,"Sharm ElSheikh, Egypt",24 February,"March 2, 2025",Hard,Outdoor,,,ITF,https://www.atptour.com/en/-/tournaments/calendar/futures
M15 Villena,"Villena, Spain",24 February,"March 2, 2025",Hard,Outdoor,,,ITF,https://www.atptour.com/en/-/tournaments/calendar/futures
M25 Quinta do Lago,"Quinta do Lago, Portugal",3,"March 9, 2025",Hard,Outdoor,,,ITF,https://www.atptour.com/en/-/tournaments/calendar/futures
M25 Trimbach,"Trimbach, Switzerland",3,"March 9, 2025",Carpet,Indoor,,,ITF,https://www.atptour.com/en/-/tournaments/calendar/futures
M15 Antalya,"Antalya, Turkiye",3,"March 9, 2025",Clay,Outdoor,,,ITF,https://www.atptour.com/en/-/tournaments/calendar/futures
M15 Huamantla,"Huamantla, Mexico",3,"March 9, 2025",Hard,Outdoor,,,ITF,https://www.atptour.com/en/-/tournaments/calendar/futures
M15 Maanshan,"Maanshan, China",3,"March 9, 2025",Hard,Indoor,,,ITF,https://www.atptour.com/en/-/tournaments/calendar/futures
M15 Monastir,"Monastir, Tunisia",3,"March 9, 2025",Hard,Outdoor,,,ITF,https://www.atptour.com/en/-/tournaments/calendar/futures
M15 Poitiers,"Poitiers, France",3,"March 9, 2025",Hard,Indoor,,,ITF,https://www.atptour.com/en/-/tournaments/calendar/futures
M15 Sharm ElSheikh,"Sharm ElSheikh, Egypt",3,"March 9, 2025",Hard,Outdoor,,,ITF,https://www.atptour.com/en/-/tournaments/calendar/futures
M15 Sherbrooke,"Sherbrooke, Canada",3,"March 9, 2025",Hard,Indoor,,,ITF,https://www.atptour.com/en/-/tournaments/calendar/futures
M15 Torello,"Torello, Spain",3,"March 9, 2025",Hard,Outdoor,,,ITF,https://www.atptour.com/en/-/tournaments/calendar/futures
M25 Asuncion,"Asuncion, Paraguay",10,"March 16, 2025",Clay,Outdoor,,,ITF,https://www.atptour.com/en/-/tournaments/calendar/futures
M25 Creteil,"Creteil, France",10,"March 16, 2025",Hard,Indoor,,,ITF,https://www.atptour.com/en/-/tournaments/calendar/futures
M25 Les Franqueses des Valle,"Les Franqueses des Valles, Spain",10,"March 16, 2025",Hard,Outdoor,,,ITF,https://www.atptour.com/en/-/tournaments/calendar/futures
M25 Luan,"Luan, China",10,"March 16, 2025",Hard,Outdoor,,,ITF,https://www.atptour.com/en/-/tournaments/calendar/futures
M25 Mildura,"Mildura, Australia",10,"March 16, 2025",Grass,Outdoor,,,ITF,https://www.atptour.com/en/-/tournaments/calendar/futures
M25 Vale de Lobo,"Vale de Lobo, Portugal",10,"March 16, 2025",Hard,Outdoor,,,ITF,https://www.atptour.com/en/-/tournaments/calendar/futures
M15 Alaminos,"M15 Alaminos, Cyprus",10,"March 16, 2025",Clay,Outdoor,,,ITF,https://www.atptour.com/en/-/tournaments/calendar/futures
M15 Antalya,"Antalya, Turkiye",10,"March 16, 2025",Clay,Outdoor,,,ITF,https://www.atptour.com/en/-/tournaments/calendar/futures
M15 Chandigarh,"Chandigarh, India",10,"March 16, 2025",Hard,Outdoor,,,ITF,https://www.atptour.com/en/-/tournaments/calendar/futures
M15 Hinode,"Hinode, Japan",10,"March 16, 2025",Hard,Outdoor,,,ITF,https://www.atptour.com/en/-/tournaments/calendar/futures
M15 Huamantla,"Huamantla, Mexico",10,"March 16, 2025",Hard,Outdoor,,,ITF,https://www.atptour.com/en/-/tournaments/calendar/futures
M15 Monastir,"Monastir, Tunisia",10,"March 16, 2025",Hard,Outdoor,,,ITF,https://www.atptour.com/en/-/tournaments/calendar/futures
M15 Montreal,"Montreal, Canada",10,"March 16, 2025",Hard,Indoor,,,ITF,https://www.atptour.com/en/-/tournaments/calendar/futures
M15 Nonthaburi,"Nonthaburi, Thailand",10,"March 16, 2025",Hard,Outdoor,,,ITF,https://www.atptour.com/en/-/tournaments/calendar/futures
M15 Porec,"Porec, Croatia",10,"March 16, 2025",Clay,Outdoor,,,ITF,https://www.atptour.com/en/-/tournaments/calendar/futures
M15 Sharm ElSheikh,"Sharm ElSheikh, Egypt",10,"March 16, 2025",Hard,Outdoor,,,ITF,https://www.atptour.com/en/-/tournaments/calendar/futures
M25 Badalona,"Badalona, Spain",17,"March 23, 2025",Clay,Outdoor,,,ITF,https://www.atptour.com/en/-/tournaments/calendar/futures
"M25 Bakersfield, CA","Bakersfield, United States",17,"March 23, 2025",Hard,Outdoor,,,ITF,https://www.atptour.com/en/-/tournaments/calendar/futures
M25 Loule,"Loule, Portugal",17,"March 23, 2025",Hard,Outdoor,,,ITF,https://www.atptour.com/en/-/tournaments/calendar/futures
M25 Santo Domingo,"Santo Domingo, Dominican Republic",17,"March 23, 2025",Hard,Outdoor,,,ITF,https://www.atptour.com/en/-/tournaments/calendar/futures
M25 Shenzhen,"Shenzhen, China",17,"March 23, 2025",Hard,Outdoor,,,ITF,https://www.atptour.com/en/-/tournaments/calendar/futures
M25 Swan Hill,"Swan Hill, Australia",17,"March 23, 2025",Grass,Outdoor,,,ITF,https://www.atptour.com/en/-/tournaments/calendar/futures
M25 Toulouse-Balma,"Toulouse-Balma, France",17,"March 23, 2025",Hard,Indoor,,,ITF,https://www.atptour.com/en/-/tournaments/calendar/futures
M15 Ahmedabad,"Ahmedabad, India",17,"March 23, 2025",Hard,Outdoor,,,ITF,https://www.atptour.com/en/-/tournaments/calendar/futures
M15 Alaminos-Larnaca,"Alaminos-Larnaca, Cyprus",17,"March 23, 2025",Clay,Outdoor,,,ITF,https://www.atptour.com/en/-/tournaments/calendar/futures
M15 Antalya,"Antalya, Turkiye",17,"March 23, 2025",Clay,Outdoor,,,ITF,https://www.atptour.com/en/-/tournaments/calendar/futures
M15 Heraklion,"Heraklion, Greece",17,"March 23, 2025",Hard,Outdoor,,,ITF,https://www.atptour.com/en/-/tournaments/calendar/futures
M15 Monastir,"Monastir, Tunisia",17,"March 23, 2025",Hard,Outdoor,,,ITF,https://www.atptour.com/en/-/tournaments/calendar/futures
M15 Nishi-Tokyo,"Nishi-Tokyo, Japan",17,"March 23, 2025",Hard,Outdoor,,,ITF,https://www.atptour.com/en/-/tournaments/calendar/futures
M15 Nonthaburi,"Nonthaburi, Thailand",17,"March 23, 2025",Hard,Outdoor,,,ITF,https://www.atptour.com/en/-/tournaments/calendar/futures
M15 Rovinj,"Rovinj, Croatia",17,"March 23, 2025",Clay,Outdoor,,,ITF,https://www.atptour.com/en/-/tournaments/calendar/futures
M15 Sharm ElSheikh,"Sharm ElSheikh, Egypt",17,"March 23, 2025",Hard,Outdoor,,,ITF,https://www.atptour.com/en/-/tournaments/calendar/futures
M15 Villa Maria,"Villa Maria, Argentina",17,"March 23, 2025",Clay,Outdoor,,,ITF,https://www.atptour.com/en/-/tournaments/calendar/futures
M25 Ahmedabad,"Ahmedabad, India",24,"March 30, 2025",Hard,Outdoor,,,ITF,https://www.atptour.com/en/-/tournaments/calendar/futures
"M25 Calabasas, CA","Calabasas, United States",24,"March 30, 2025",Hard,Outdoor,,,ITF,https://www.atptour.com/en/-/tournaments/calendar/futures
M25 Lujan,"Lujan, Argentina",24,"March 30, 2025",Clay,Outdoor,,,ITF,https://www.atptour.com/en/-/tournaments/calendar/futures
M25 Saint Dizier,"Saint Dizier, France",24,"March 30, 2025",Hard,Indoor,,,ITF,https://www.atptour.com/en/-/tournaments/calendar/futures
M25 Santo Domingo,"Santo Domingo, Dominican Republic",24,"March 30, 2025",Hard,Outdoor,,,ITF,https://www.atptour.com/en/-/tournaments/calendar/futures
M25 Tarragona,"Tarragona, Spain",24,"March 30, 2025",Clay,Outdoor,,,ITF,https://www.atptour.com/en/-/tournaments/calendar/futures
M15 Alaminos,"Alaminos, Cyprus",24,"March 30, 2025",Clay,Outdoor,,,ITF,https://www.atptour.com/en/-/tournaments/calendar/futures
M15 Antalya,"Antalya, Turkiye",24,"March 30, 2025",Clay,Outdoor,,,ITF,https://www.atptour.com/en/-/tournaments/calendar/futures
M15 Foggia,"Foggia, Italy",24,"March 30, 2025",Clay,Outdoor,,,ITF,https://www.atptour.com/en/-/tournaments/calendar/futures
M15 Heraklion,"Heraklion, Greece",24,"March 30, 2025",Hard,Outdoor,,,ITF,https://www.atptour.com/en/-/tournaments/calendar/futures
M15 Monastir,"Monastir, Tunisia",24,"March 30, 2025",Hard,Outdoor,,,ITF,https://www.atptour.com/en/-/tournaments/calendar/futures
M15 Nonthaburi,"Nonthaburi, Thailand",24,"March 30, 2025",Hard,Outdoor,,,ITF,https://www.atptour.com/en/-/tournaments/calendar/futures
M15 Opatija,"Opatija, Croatia",24,"March 30, 2025",Clay,Outdoor,,,ITF,https://www.atptour.com/en/-/tournaments/calendar/futures
M15 Sharm ElSheikh,"Sharm ElSheikh, Egypt",24,"March 30, 2025",Hard,Outdoor,,,ITF,https://www.atptour.com/en/-/tournaments/calendar/futures
M15 Tsukuba,"Tsukuba, Japan",24,"March 30, 2025",Hard,Outdoor,,,ITF,https://www.atptour.com/en/-/tournaments/calendar/futures
M25 Antalya,"Antalya, Turkiye",31 March,"April 6, 2025",Clay,Outdoor,,,ITF,https://www.atptour.com/en/-/tournaments/calendar/futures
M25 Bengaluru,"Bengaluru, India",31 March,"April 6, 2025",Hard,Outdoor,,,ITF,https://www.atptour.com/en/-/tournaments/calendar/futures
M25 Chacabuco,"Chacabuco, Argentina",31 March,"April 6, 2025",Clay,Outdoor,,,ITF,https://www.atptour.com/en/-/tournaments/calendar/futures
M25 Reus,"Reus, Spain",31 March,"April 6, 2025",Clay,Outdoor,,,ITF,https://www.atptour.com/en/-/tournaments/calendar/futures
M25 Santa Margherita di Pula,"Santa Margherita di Pula, Italy",31 March,"April 6, 2025",Clay,Outdoor,,,ITF,https://www.atptour.com/en/-/tournaments/calendar/futures
M15 Heraklion,"Heraklion, Greece",31 March,"April 6, 2025",Hard,Outdoor,,,ITF,https://www.atptour.com/en/-/tournaments/calendar/futures
M15 Kashiwa,"Kashiwa, Japan",31 March,"April 6, 2025",Hard,Outdoor,,,ITF,https://www.atptour.com/en/-/tournaments/calendar/futures
M15 Lons-le-Saunier,"Lons-le-Saunier, France",31 March,"April 6, 2025",Hard,Indoor,,,ITF,https://www.atptour.com/en/-/tournaments/calendar/futures
M15 Monastir,"Monastir, Tunisia",31 March,"April 6, 2025",Hard,Outdoor,,,ITF,https://www.atptour.com/en/-/tournaments/calendar/futures
M15 Sharm ElSheikh,"Sharm ElSheikh, Egypt",31 March,"April 6, 2025",Hard,Outdoor,,,ITF,https://www.atptour.com/en/-/tournaments/calendar/futures
M25 Antalya,"Antalya, Turkiye",7,"April 13, 2025",Clay,Outdoor,,,ITF,https://www.atptour.com/en/-/tournaments/calendar/futures
M25 Santa Margherita di Pula,"Santa Margherita di Pula, Italy",7,"April 13, 2025",Clay,Outdoor,,,ITF,https://www.atptour.com/en/-/tournaments/calendar/futures
M15 Luan,"Luan, China",7,"April 13, 2025",Hard,Outdoor,,,ITF,https://www.atptour.com/en/-/tournaments/calendar/futures
M15 Monastir,"Monastir, Tunisia",7,"April 13, 2025",Hard,Outdoor,,,ITF,https://www.atptour.com/en/-/tournaments/calendar/futures
M15 Sharm ElSheikh,"Sharm ElSheikh, Egypt",7,"April 13, 2025",Hard,Outdoor,,,ITF,https://www.atptour.com/en/-/tournaments/calendar/futures
M25 Santa Margherita di Pula,"Santa Margherita di Pula, Italy",14,"April 20, 2025",Clay,Outdoor,,,ITF,https://www.atptour.com/en/-/tournaments/calendar/futures
M25 Sharm ElSheikh,"Sharm ElSheikh, Egypt",14,"April 20, 2025",Hard,Outdoor,,,ITF,https://www.atptour.com/en/-/tournaments/calendar/futures
M15 Antalya,"Antalya, Turkiye",14,"April 20, 2025",Clay,Outdoor,,,ITF,https://www.atptour.com/en/-/tournaments/calendar/futures
M15 Dubrovnik,"Dubrovnik, Croatia",14,"April 20, 2025",Clay,Outdoor,,,ITF,https://www.atptour.com/en/-/tournaments/calendar/futures
M15 Luan,"Luan, China",14,"April 20, 2025",Hard,Outdoor,,,ITF,https://www.atptour.com/en/-/tournaments/calendar/futures
M15 Monastir,"Monastir, Tunisia",14,"April 20, 2025",Hard,Outdoor,,,ITF,https://www.atptour.com/en/-/tournaments/calendar/futures
M15 Osaka,"Osaka, Japan",14,"April 20, 2025",Hard,Outdoor,,,ITF,https://www.atptour.com/en/-/tournaments/calendar/futures
M25 Angers,"Angers, France",21,"April 27, 2025",Clay,Indoor,,,ITF,https://www.atptour.com/en/-/tournaments/calendar/futures
M25 Santa Margherita di Pula,"Santa Margherita di Pula, Italy",21,"April 27, 2025",Clay,Outdoor,,,ITF,https://www.atptour.com/en/-/tournaments/calendar/futures
M25 Sharm ElSheikh,"Sharm ElSheikh, Egypt",21,"April 27, 2025",Hard,Outdoor,,,ITF,https://www.atptour.com/en/-/tournaments/calendar/futures
M15 Antalya,"Antalya, Turkiye",21,"April 27, 2025",Clay,Outdoor,,,ITF,https://www.atptour.com/en/-/tournaments/calendar/futures
M15 Kursumlijska Banja,"Kursumlijska Banja, Serbia",21,"April 27, 2025",Clay,Outdoor,,,ITF,https://www.atptour.com/en/-/tournaments/calendar/futures
M15 Luan,"Luan, China",21,"April 27, 2025",Hard,Outdoor,,,ITF,https://www.atptour.com/en/-/tournaments/calendar/futures
M15 Monastir,"Monastir, Tunisia",21,"April 27, 2025",Hard,Outdoor,,,ITF,https://www.atptour.com/en/-/tournaments/calendar/futures
M15 Osaka,"Osaka, Japan",21,"April 27, 2025",Hard,Outdoor,,,ITF,https://www.atptour.com/en/-/tournaments/calendar/futures
M15 Sanxenxo,"Sanxenxo, Spain",21,"April 27, 2025",Hard,Outdoor,,,ITF,https://www.atptour.com/en/-/tournaments/calendar/futures
M15 Shymkent,"Shymkent, Kazakhstan",21,"April 27, 2025",Clay,Outdoor,,,ITF,https://www.atptour.com/en/-/tournaments/calendar/futures
"M15 Vero Beach, FL","Vero Beach, United States",21,"April 27, 2025",Clay,Outdoor,,,ITF,https://www.atptour.com/en/-/tournaments/calendar/futures
M25 Anning,"Anning, China",28 April,"May 4, 2025",Clay,Outdoor,,,ITF,https://www.atptour.com/en/-/tournaments/calendar/futures
M25 Nottingham,"Nottingham, Great Britain",28 April,"May 4, 2025",Hard,Outdoor,,,ITF,https://www.atptour.com/en/-/tournaments/calendar/futures
M25 Sabadell,"Sabadell, Spain",28 April,"May 4, 2025",Clay,Outdoor,,,ITF,https://www.atptour.com/en/-/tournaments/calendar/futures
M25 Santa Margherita di Pula,"Santa Margherita di Pula, Italy",28 April,"May 4, 2025",Clay,Outdoor,,,ITF,https://www.atptour.com/en/-/tournaments/calendar/futures
M15 Kursumlijska Banja,"Kursumlijska Banja, Serbia",28 April,"May 4, 2025",Clay,Outdoor,,,ITF,https://www.atptour.com/en/-/tournaments/calendar/futures
M15 Monastir,"Monastir, Tunisia",28 April,"May 4, 2025",Hard,Outdoor,,,ITF,https://www.atptour.com/en/-/tournaments/calendar/futures
M15 Oegstgeest,"Oegstgeest, Netherlands",28 April,"May 4, 2025",Clay,Outdoor,,,ITF,https://www.atptour.com/en/-/tournaments/calendar/futures
"M15 Orange Park, FL","Orange Park, United States",28 April,"May 4, 2025",Clay,Outdoor,,,ITF,https://www.atptour.com/en/-/tournaments/calendar/futures
M15 Shymkent,"Shymkent, Kazakhstan",28 April,"May 4, 2025",Clay,Outdoor,,,ITF,https://www.atptour.com/en/-/tournaments/calendar/futures
M25 Baotou,"Baotou, China",5,"May 11, 2025",Clay,Indoor,,,ITF,https://www.atptour.com/en/-/tournaments/calendar/futures
M25 Kursumljiska Banja,"Kursumljiska Banja, Serbia",5,"May 11, 2025",Clay,Outdoor,,,ITF,https://www.atptour.com/en/-/tournaments/calendar/futures
M25 Nottingham,"Nottingham, Great Britain",5,"May 11, 2025",Hard,Outdoor,,,ITF,https://www.atptour.com/en/-/tournaments/calendar/futures
M25 Santa Margherita di Pula,"Santa Margherita di Pula, Italy",5,"May 11, 2025",Clay,Outdoor,,,ITF,https://www.atptour.com/en/-/tournaments/calendar/futures
M15 Bistrita,"Bistrita, Romania",5,"May 11, 2025",Clay,Outdoor,,,ITF,https://www.atptour.com/en/-/tournaments/calendar/futures
M15 Monastir,"Monastir, Tunisia",5,"May 11, 2025",Hard,Outdoor,,,ITF,https://www.atptour.com/en/-/tournaments/calendar/futures
M15 Tehran,"Tehran, Iran",5,"May 11, 2025",Clay,Outdoor,,,ITF,https://www.atptour.com/en/-/tournaments/calendar/futures
M15 Villahermosa,"Villahermosa, Mexico",5,"May 11, 2025",Hard,Indoor,,,ITF,https://www.atptour.com/en/-/tournaments/calendar/futures
M25 Heraklion,"Heraklion, Greece",5,"May 11, 2025",Hard,Outdoor,,,ITF,https://www.atptour.com/en/-/tournaments/calendar/futures
"M25 Pensacola, FL","Pensacola, United States",12,"May 18, 2025",Clay,Outdoor,,,ITF,https://www.atptour.com/en/-/tournaments/calendar/futures
M25 Reggio Emilia,"Reggio Emilia, Italy",12,"May 18, 2025",Clay,Outdoor,,,ITF,https://www.atptour.com/en/-/tournaments/calendar/futures
M25 Tbilisi,"Tbilisi, Georgia",12,"May 18, 2025",Hard,Outdoor,,,ITF,https://www.atptour.com/en/-/tournaments/calendar/futures
M25 Vic,"Vic, Spain",12,"May 18, 2025",Clay,Outdoor,,,ITF,https://www.atptour.com/en/-/tournaments/calendar/futures
M25 Xalapa,"Xalapa, Mexico",12,"May 18, 2025",Hard,Outdoor,,,ITF,https://www.atptour.com/en/-/tournaments/calendar/futures
M15 Bastad,"Bastad, Sweden",12,"May 18, 2025",Clay,Outdoor,,,ITF,https://www.atptour.com/en/-/tournaments/calendar/futures
M15 Bucharest,"Bucharest, Romania",12,"May 18, 2025",Clay,Outdoor,,,ITF,https://www.atptour.com/en/-/tournaments/calendar/futures
M15 Heraklion,"Heraklion, Greece",12,"May 18, 2025",Hard,Outdoor,,,ITF,https://www.atptour.com/en/-/tournaments/calendar/futures
M15 Kursumljiska Banja,"Kursumljiska Banja, Serbia",12,"May 18, 2025",Clay,Outdoor,,,ITF,https://www.atptour.com/en/-/tournaments/calendar/futures
M15 Luan,"Luan, China",12,"May 18, 2025",Hard,Outdoor,,,ITF,https://www.atptour.com/en/-/tournaments/calendar/futures
M15 Monastir,"Monastir, Tunisia",12,"May 18, 2025",Hard,Outdoor,,,ITF,https://www.atptour.com/en/-/tournaments/calendar/futures
"M15 Orlando, FL","Orlando, United States",12,"May 18, 2025",Clay,Outdoor,,,ITF,https://www.atptour.com/en/-/tournaments/calendar/futures
M15 Prijedor,"Prijedor, Bosnia-Herzegovina",12,"May 18, 2025",Clay,Outdoor,,,ITF,https://www.atptour.com/en/-/tournaments/calendar/futures
M15 Szentendre,"Szentendre, Hungary",12,"May 18, 2025",Clay,Outdoor,,,ITF,https://www.atptour.com/en/-/tournaments/calendar/futures
M15 Tehran,"Tehran, Iran",12,"May 18, 2025",Clay,Outdoor,,,ITF,https://www.atptour.com/en/-/tournaments/calendar/futures
M25 Bol,"Bol, Croatia",19,"May 25, 2025",Clay,Outdoor,,,ITF,https://www.atptour.com/en/-/tournaments/calendar/futures
M25 Cervia,"Cervia, Italy",19,"May 25, 2025",Clay,Outdoor,,,ITF,https://www.atptour.com/en/-/tournaments/calendar/futures
M25 Coquimbo,"Coquibmo, Chile",19,"May 25, 2025",Clay,Outdoor,,,ITF,https://www.atptour.com/en/-/tournaments/calendar/futures
M25 Mataro,"Mataro, Spain",19,"May 25, 2025",Clay,Outdoor,,,ITF,https://www.atptour.com/en/-/tournaments/calendar/futures
"M25 Orlando, FL","Orlando, United States",19,"May 25, 2025",Clay,Outdoor,,,ITF,https://www.atptour.com/en/-/tournaments/calendar/futures
M15 Andong,"Andong, South Korea",19,"May 25, 2025",Hard,Outdoor,,,ITF,https://www.atptour.com/en/-/tournaments/calendar/futures
M15 Brcko,"Brcko, Bosnia-Herzegovina",19,"May 25, 2025",Clay,Outdoor,,,ITF,https://www.atptour.com/en/-/tournaments/calendar/futures
M15 Bucharest,"Bucharest, Romania",19,"May 25, 2025",Clay,Outdoor,,,ITF,https://www.atptour.com/en/-/tournaments/calendar/futures
M15 Heraklion,"Heraklion, Greece",19,"May 25, 2025",Hard,Outdoor,,,ITF,https://www.atptour.com/en/-/tournaments/calendar/futures
M15 Kotka,"Kotka, Finland",19,"May 25, 2025",Clay,Outdoor,,,ITF,https://www.atptour.com/en/-/tournaments/calendar/futures
M15 Kursumlijska Banja,"Kursumlijska Banja, Serbia",19,"May 25, 2025",Clay,Outdoor,,,ITF,https://www.atptour.com/en/-/tournaments/calendar/futures
M15 Luan,"Luan, China",19,"May 25, 2025",Hard,Outdoor,,,ITF,https://www.atptour.com/en/-/tournaments/calendar/futures
M15 Monastir,"Monastir, Tunisia",19,"May 25, 2025",Hard,Outdoor,,,ITF,https://www.atptour.com/en/-/tournaments/calendar/futures
M15 Tashkent,"Tashkent, Uzbekistan",19,"May 25, 2025",Hard,Outdoor,,,ITF,https://www.atptour.com/en/-/tournaments/calendar/futures
M25 Bol,"Bol, Croatia",26 May,"June 1, 2025",Clay,Outdoor,,,ITF,https://www.atptour.com/en/-/tournaments/calendar/futures
M25 Carnac,"Carnac, France",26 May,"June 1, 2025",Clay,Outdoor,,,ITF,https://www.atptour.com/en/-/tournaments/calendar/futures
M25 Coquimbo,"Coquimbo, Chile",26 May,"June 1, 2025",Clay,Outdoor,,,ITF,https://www.atptour.com/en/-/tournaments/calendar/futures
M25 Heraklion,"Heraklion, Greece",26 May,"June 1, 2025",Hard,Outdoor,,,ITF,https://www.atptour.com/en/-/tournaments/calendar/futures
M25 Satu Mare,"Satu Mare, Romania",26 May,"June 1, 2025",Clay,Outdoor,,,ITF,https://www.atptour.com/en/-/tournaments/calendar/futures
M15 Daegu,"Daegu, South Korea",26 May,"June 1, 2025",Hard,Outdoor,,,ITF,https://www.atptour.com/en/-/tournaments/calendar/futures
M15 Doboj,"Doboj, Bosnia-Herzegovina",26 May,"June 1, 2025",Clay,Outdoor,,,ITF,https://www.atptour.com/en/-/tournaments/calendar/futures
M15 Gyula,"Gyula, Hungary",26 May,"June 1, 2025",Clay,Outdoor,,,ITF,https://www.atptour.com/en/-/tournaments/calendar/futures
M15 Kayseri,"Kayseri, Turkiye",26 May,"June 1, 2025",Hard,Outdoor,,,ITF,https://www.atptour.com/en/-/tournaments/calendar/futures
M15 Kursumlijska Banja,"Kursumlijska Banja, Serbia",26 May,"June 1, 2025",Clay,Outdoor,,,ITF,https://www.atptour.com/en/-/tournaments/calendar/futures
M15 La Nucia,"La Nucia, Spain",26 May,"June 1, 2025",Clay,Outdoor,,,ITF,https://www.atptour.com/en/-/tournaments/calendar/futures
M15 Luan,"Luan, China",26 May,"June 1, 2025",Hard,Outdoor,,,ITF,https://www.atptour.com/en/-/tournaments/calendar/futures
M15 Monastir,"Monastir, Tunisia",26 May,"June 1, 2025",Hard,Outdoor,,,ITF,https://www.atptour.com/en/-/tournaments/calendar/futures
"M15 San DIego, CA","San Diego, United States",26 May,"June 1, 2025",Hard,Outdoor,,,ITF,https://www.atptour.com/en/-/tournaments/calendar/futures
M15 Tashkent,"Tashkent, Uzbekistan",26 May,"June 1, 2025",Hard,Outdoor,,,ITF,https://www.atptour.com/en/-/tournaments/calendar/futures
M15 Tsaghkadzor,"Tsaghkadzor, Armenia",26 May,"June 1, 2025",Clay,Outdoor,,,ITF,https://www.atptour.com/en/-/tournaments/calendar/futures
M15 Warmbad Villach,"Warmbad Villach, Austria",26 May,"June 1, 2025",Clay,Outdoor,,,ITF,https://www.atptour.com/en/-/tournaments/calendar/futures
M25 Belgrade,"Belgrade, Serbia",2,"June 8, 2025",Clay,Outdoor,,,ITF,https://www.atptour.com/en/-/tournaments/calendar/futures
M25 Changwon,"Changwon, South Korea",2,"June 8, 2025",Hard,Outdoor,,,ITF,https://www.atptour.com/en/-/tournaments/calendar/futures
M25 Cordoba,"Cordoba, Spain",2,"June 8, 2025",Clay,Outdoor,,,ITF,https://www.atptour.com/en/-/tournaments/calendar/futures
M25 Grasse,"Grasse, France",2,"June 8, 2025",Clay,Outdoor,,,ITF,https://www.atptour.com/en/-/tournaments/calendar/futures
M25 Monastir,"Monastir, Tunisia",2,"June 8, 2025",Clay,Outdoor,,,ITF,https://www.atptour.com/en/-/tournaments/calendar/futures
M25 Santo Domingo,"Santo Domingo, Dominican Republic",2,"June 8, 2025",Hard,Outdoor,,,ITF,https://www.atptour.com/en/-/tournaments/calendar/futures
M15 Caltanissetta,"Caltanissetta, Italy",2,"June 8, 2025",Clay,Outdoor,,,ITF,https://www.atptour.com/en/-/tournaments/calendar/futures
M15 Karuizawa,"Karuizawa, Japan",2,"June 8, 2025",Clay,Outdoor,,,ITF,https://www.atptour.com/en/-/tournaments/calendar/futures
M15 Kayseri,"Kayseri, Turkiye",2,"June 8, 2025",Hard,Outdoor,,,ITF,https://www.atptour.com/en/-/tournaments/calendar/futures
M15 Klagenfurt,"Klagenfurt, Austria",2,"June 8, 2025",Clay,Outdoor,,,ITF,https://www.atptour.com/en/-/tournaments/calendar/futures
M15 Ljubljana,"Ljubljana, Slovenia",2,"June 8, 2025",Clay,Outdoor,,,ITF,https://www.atptour.com/en/-/tournaments/calendar/futures
M15 Luan,"Luan, China",2,"June 8, 2025",Hard,Outdoor,,,ITF,https://www.atptour.com/en/-/tournaments/calendar/futures
M15 Monastir,"Monastir, Tunisia",2,"June 8, 2025",Hard,Outdoor,,,ITF,https://www.atptour.com/en/-/tournaments/calendar/futures
"M15 San Diego, CA","San Diego, United States",2,"June 8, 2025",Hard,Outdoor,,,ITF,https://www.atptour.com/en/-/tournaments/calendar/futures
M15 Tsaghkadzor,"Tsaghkadzor, Armenia",2,"June 8, 2025",Clay,Outdoor,,,ITF,https://www.atptour.com/en/-/tournaments/calendar/futures
M25 Ceska Lipa,"Ceska Lipa, Czechia",9,"June 15, 2025",Clay,Outdoor,,,ITF,https://www.atptour.com/en/-/tournaments/calendar/futures
M25 Kiseljak,"Kiseljak, Bosnia-Herzegovina",9,"June 15, 2025",Clay,Outdoor,,,ITF,https://www.atptour.com/en/-/tournaments/calendar/futures
M25 Martos,"Martos, Spain",9,"June 15, 2025",Hard,Outdoor,,,ITF,https://www.atptour.com/en/-/tournaments/calendar/futures
M25 Monastir,"Monastir, Tunisia",9,"June 15, 2025",Clay,Outdoor,,,ITF,https://www.atptour.com/en/-/tournaments/calendar/futures
M25 Santo Domingo,"Santo Domingo, Dominican Republic",9,"June 15, 2025",Hard,Outdoor,,,ITF,https://www.atptour.com/en/-/tournaments/calendar/futures
M25 Varnamo,"Varnamo, Sweden",9,"June 15, 2025",Clay,Outdoor,,,ITF,https://www.atptour.com/en/-/tournaments/calendar/futures
M25 Villeneuve-Loubet,"Villeneuve-Loubet, France",9,"June 14, 2025",Clay,Outdoor,,,ITF,https://www.atptour.com/en/-/tournaments/calendar/futures
"M25 Wichita, KS","Wichita, United States",9,"June 15, 2025",Hard,Outdoor,,,ITF,https://www.atptour.com/en/-/tournaments/calendar/futures
M15 Harmon,"Harmon, Guam",9,"June 15, 2025",Hard,Outdoor,,,ITF,https://www.atptour.com/en/-/tournaments/calendar/futures
M15 Kayseri,"Kayseri, Turkiye",9,"June 15, 2025",Hard,Outdoor,,,ITF,https://www.atptour.com/en/-/tournaments/calendar/futures
M15 Kursumljiska Banja,"Kursumljiska Banja, Serbia",9,"June 15, 2025",Clay,Outdoor,,,ITF,https://www.atptour.com/en/-/tournaments/calendar/futures
M15 Luan,"Luan, China",9,"June 15, 2025",Hard,Outdoor,,,ITF,https://www.atptour.com/en/-/tournaments/calendar/futures
M15 Messina,"Messina, Italy",9,"June 15, 2025",Clay,Outdoor,,,ITF,https://www.atptour.com/en/-/tournaments/calendar/futures
M15 Monastir,"Monastir, Tunisia",9,"June 15, 2025",Hard,Outdoor,,,ITF,https://www.atptour.com/en/-/tournaments/calendar/futures
M15 Nyiregyhaza,"Nyiregyhaza, Hungary",9,"June 15, 2025",Clay,Outdoor,,,ITF,https://www.atptour.com/en/-/tournaments/calendar/futures
M15 Oradea,"Oradea, Romania",9,"June 15, 2025",Clay,Outdoor,,,ITF,https://www.atptour.com/en/-/tournaments/calendar/futures
"M15 San Diego, CA","San Diego, United States",9,"June 15, 2025",Hard,Outdoor,,,ITF,https://www.atptour.com/en/-/tournaments/calendar/futures
M15 Vaasa,"Vaasa, Finland",9,"June 15, 2025",Hard,Outdoor,,,ITF,https://www.atptour.com/en/-/tournaments/calendar/futures
M25 Cattolica,"Cattolica, Italy",16,"June 22, 2025",Clay,Outdoor,,,ITF,https://www.atptour.com/en/-/tournaments/calendar/futures
M25 Klosters,"Klosters, Switzerland",16,"June 22, 2025",Clay,Outdoor,,,ITF,https://www.atptour.com/en/-/tournaments/calendar/futures
M25 Luzhou,"Luzhou, China",16,"June 22, 2025",Hard,Outdoor,,,ITF,https://www.atptour.com/en/-/tournaments/calendar/futures
M25 Monastir,"Monastir, Tunisia",16,"June 22, 2025",Hard,Outdoor,,,ITF,https://www.atptour.com/en/-/tournaments/calendar/futures
"M25 Tulsa, OK","Tulsa, United States",16,"June 22, 2025",Hard,Outdoor,,,ITF,https://www.atptour.com/en/-/tournaments/calendar/futures
M15 Casablanca,"Casablanca, Morocco",16,"June 22, 2025",Clay,Outdoor,,,ITF,https://www.atptour.com/en/-/tournaments/calendar/futures
M15 Cluj Napoca,"Cluj Napoca, Romania",16,"June 22, 2025",Clay,Outdoor,,,ITF,https://www.atptour.com/en/-/tournaments/calendar/futures
M15 Duffel,"Duffel, Belgium",16,"June 22, 2025",Clay,Outdoor,,,ITF,https://www.atptour.com/en/-/tournaments/calendar/futures
M15 Kayseri,"Kayseri, Turkiye",16,"June 22, 2025",Hard,Outdoor,,,ITF,https://www.atptour.com/en/-/tournaments/calendar/futures
M15 Kursumljiska Banja,"Kursumljiska Banja, Serbia",16,"June 22, 2025",Clay,Outdoor,,,ITF,https://www.atptour.com/en/-/tournaments/calendar/futures
M15 Monastir,"Monastir, Tunisia",16,"June 22, 2025",Hard,Outdoor,,,ITF,https://www.atptour.com/en/-/tournaments/calendar/futures
M15 Mungia-Laukariz,"Mungia-Laukariz, Spain",16,"June 22, 2025",Clay,Indoor,,,ITF,https://www.atptour.com/en/-/tournaments/calendar/futures
M15 Nyiregyhaza,"Nyiregyhaza, Hungary",16,"June 22, 2025",Clay,Outdoor,,,ITF,https://www.atptour.com/en/-/tournaments/calendar/futures
"M15 Rancho Santa Fe, CA","Rancho Santa Fe, United States",16,"June 22, 2025",Hard,Outdoor,,,ITF,https://www.atptour.com/en/-/tournaments/calendar/futures
M15 Saarlouis,"Saarlouis, Germany",16,"June 22, 2025",Clay,Outdoor,,,ITF,https://www.atptour.com/en/-/tournaments/calendar/futures
M25 Bakio,"Bakio, Spain",23,"June 29, 2025",Hard,Outdoor,,,ITF,https://www.atptour.com/en/-/tournaments/calendar/futures
M25 Brussels,"Brussels, Belgium",23,"June 29, 2025",Clay,Outdoor,,,ITF,https://www.atptour.com/en/-/tournaments/calendar/futures
M25 Elvas,"Elvas, Portugal",23,"June 29, 2025",Hard,Outdoor,,,ITF,https://www.atptour.com/en/-/tournaments/calendar/futures
M25 Monastir,"Monastir, Tunisia",23,"June 29, 2025",Hard,Outdoor,,,ITF,https://www.atptour.com/en/-/tournaments/calendar/futures
M25 Montauban,"Montauban, France",23,"June 29, 2025",Clay,Outdoor,,,ITF,https://www.atptour.com/en/-/tournaments/calendar/futures
M25 Targu Mures,"Targu Mures, Romania",23,"June 29, 2025",Clay,Outdoor,,,ITF,https://www.atptour.com/en/-/tournaments/calendar/futures
M15 Alkmaar,"Alkmaar, Netherlands",23,"June 29, 2025",Clay,Outdoor,,,ITF,https://www.atptour.com/en/-/tournaments/calendar/futures
M15 Bergamo,"Bergamo, Italy",23,"June 29, 2025",Clay,Outdoor,,,ITF,https://www.atptour.com/en/-/tournaments/calendar/futures
M15 Casablanca,"Casablanca, Morocco",23,"June 29, 2025",Clay,Outdoor,,,ITF,https://www.atptour.com/en/-/tournaments/calendar/futures
M15 Grodzisk Mazowiecki,"Grodzisk Mazowiecki, Poland",23,"June 29, 2025",Clay,Outdoor,,,ITF,https://www.atptour.com/en/-/tournaments/calendar/futures
M15 Kamen,"Kamen, Germany",23,"June 29, 2025",Clay,Outdoor,,,ITF,https://www.atptour.com/en/-/tournaments/calendar/futures
M15 Kayseri,"Kayseri, Turkiye",23,"June 29, 2025",Hard,Outdoor,,,ITF,https://www.atptour.com/en/-/tournaments/calendar/futures
M15 Kursumljiska Banja,"Kursumljiska Banja, Serbia",23,"June 29, 2025",Clay,Outdoor,,,ITF,https://www.atptour.com/en/-/tournaments/calendar/futures
"M15 Lakewood, CA","Lakewood, United States",23,"June 29, 2025",Hard,Outdoor,,,ITF,https://www.atptour.com/en/-/tournaments/calendar/futures
M15 Maanshan,"Maanshan, China",23,"June 29, 2025",Hard,Indoor,,,ITF,https://www.atptour.com/en/-/tournaments/calendar/futures
M15 Monastir,"Monastir, Tunisia",23,"June 29, 2025",Hard,Outdoor,,,ITF,https://www.atptour.com/en/-/tournaments/calendar/futures
M15 Zagreb,"Zagreb, Croatia",23,"June 29, 2025",Clay,Outdoor,,,ITF,https://www.atptour.com/en/-/tournaments/calendar/futures
M25 Figueira da Foz,"Figueira da Foz, Portugal",30 June,"July 6, 2025",Hard,Outdoor,,,ITF,https://www.atptour.com/en/-/tournaments/calendar/futures
M25 Hillcrest,"Hillcrest, South Africa",30 June,"July 6, 2025",Hard,Outdoor,,,ITF,https://www.atptour.com/en/-/tournaments/calendar/futures
M25 Laval,"Laval, Canada",30 June,"July 6, 2025",Hard,Outdoor,,,ITF,https://www.atptour.com/en/-/tournaments/calendar/futures
M25 Marburg,"Marburg, Germany",30 June,"July 6, 2025",Clay,Outdoor,,,ITF,https://www.atptour.com/en/-/tournaments/calendar/futures
M25+H Ajaccio,"Ajaccio, France",30 June,"July 6, 2025",Hard,Outdoor,,,ITF,https://www.atptour.com/en/-/tournaments/calendar/futures
M15 Amstelveen,"Amstelveen, Netherlands",30 June,"July 6, 2025",Clay,Outdoor,,,ITF,https://www.atptour.com/en/-/tournaments/calendar/futures
M15 Getxo,"Getxo, Spain",30 June,"July 6, 2025",Clay,Outdoor,,,ITF,https://www.atptour.com/en/-/tournaments/calendar/futures
M15 Kayseri,"Kayseri, Turkiye",30 June,"July 6, 2025",Hard,Outdoor,,,ITF,https://www.atptour.com/en/-/tournaments/calendar/futures
M15 Kursumlijska Banja,"Kursumlijska Banja, Serbia",30 June,"July 6, 2025",Clay,Outdoor,,,ITF,https://www.atptour.com/en/-/tournaments/calendar/futures
M15 Los Angeles,"Los Angeles, United States",30 June,"July 6, 2025",Hard,Outdoor,,,ITF,https://www.atptour.com/en/-/tournaments/calendar/futures
M15 Maanshan,"Maanshan, China",30 June,"July 6, 2025",Hard,Outdoor,,,ITF,https://www.atptour.com/en/-/tournaments/calendar/futures
M15 Monastir,"Monastir, Tunisia",30 June,"July 6, 2025",Hard,Outdoor,,,ITF,https://www.atptour.com/en/-/tournaments/calendar/futures
M15 San Salvador de Jujuy,"San Salvador de Jujuy, Argentina",30 June,"July 6, 2025",Clay,Outdoor,,,ITF,https://www.atptour.com/en/-/tournaments/calendar/futures
M15 Store,"Store, Slovenia",30 June,"July 6, 2025",Clay,Outdoor,,,ITF,https://www.atptour.com/en/-/tournaments/calendar/futures
M15 Tanger,"Tanger, Morocco",30 June,"July 6, 2025",Clay,Outdoor,,,ITF,https://www.atptour.com/en/-/tournaments/calendar/futures
M15 Tokyo,"Tokyo, Japan",30 June,"July 6, 2025",Hard,Indoor,,,ITF,https://www.atptour.com/en/-/tournaments/calendar/futures
"M25 Dallas, TX","Dallas, United States",7,"July 13, 2025",Hard,Indoor,,,ITF,https://www.atptour.com/en/-/tournaments/calendar/futures
M25 Kassel,"Kassel, Germany",7,"July 13, 2025",Clay,Outdoor,,,ITF,https://www.atptour.com/en/-/tournaments/calendar/futures
M25 Roda de Bara,"Roda de Bara, Spain",7,"July 13, 2025",Hard,Outdoor,,,ITF,https://www.atptour.com/en/-/tournaments/calendar/futures
M25 The Hague,"The Hague, Netherlands",7,"July 13, 2025",Clay,Outdoor,,,ITF,https://www.atptour.com/en/-/tournaments/calendar/futures
M25 Villavicencio,"Villavicencio, Colombia",7,"July 13, 2025",Clay,Outdoor,,,ITF,https://www.atptour.com/en/-/tournaments/calendar/futures
M25+H Bastia-Lucciana,"Bastia-Lucciana, France",7,"July 13, 2025",Clay,Outdoor,,,ITF,https://www.atptour.com/en/-/tournaments/calendar/futures
M15 Hillcrest,"Hillcrest, South Africa",7,"July 13, 2025",Hard,Outdoor,,,ITF,https://www.atptour.com/en/-/tournaments/calendar/futures
M15 Kursumlijska Banja,"Kursumlijska Banja, Serbia",7,"July 13, 2025",Clay,Outdoor,,,ITF,https://www.atptour.com/en/-/tournaments/calendar/futures
M15 Litija,"Litija, Slovenia",7,"July 13, 2025",Clay,Outdoor,,,ITF,https://www.atptour.com/en/-/tournaments/calendar/futures
M15 Lodz,"Lodz, Poland",7,"July 13, 2025",Clay,Outdoor,,,ITF,https://www.atptour.com/en/-/tournaments/calendar/futures
M15 Maanshan,"Maanshan, China",7,"July 13, 2025",Hard,Outdoor,,,ITF,https://www.atptour.com/en/-/tournaments/calendar/futures
M15 Monastir,"Monastir, Tunisia",7,"July 13, 2025",Hard,Outdoor,,,ITF,https://www.atptour.com/en/-/tournaments/calendar/futures
M15 Salta,"Salta, Argentina",7,"July 13, 2025",Clay,Outdoor,,,ITF,https://www.atptour.com/en/-/tournaments/calendar/futures
M15 San Diego,"San Diego, United States",7,"July 13, 2025",Hard,Outdoor,,,ITF,https://www.atptour.com/en/-/tournaments/calendar/futures
M15 Telfs,"Telfs, Austria",7,"July 13, 2025",Clay,Outdoor,,,ITF,https://www.atptour.com/en/-/tournaments/calendar/futures
M15 Tokyo,"Tokyo, Japan",7,"July 13, 2025",Hard,Outdoor,,,ITF,https://www.atptour.com/en/-/tournaments/calendar/futures
M25 Castelo Branco,"Castelo Branco, Portugal",14,"July 20, 2025",Hard,Outdoor,,,ITF,https://www.atptour.com/en/-/tournaments/calendar/futures
M25 Gandia,"Gandia, Spain",14,"July 20, 2025",Clay,Outdoor,,,ITF,https://www.atptour.com/en/-/tournaments/calendar/futures
M25 Kramsach,"Kramsach, Austria",14,"July 20, 2025",Clay,Outdoor,,,ITF,https://www.atptour.com/en/-/tournaments/calendar/futures
"M25 Louisville, KY","Louisville, United States",14,"July 20, 2025",Hard,Outdoor,,,ITF,https://www.atptour.com/en/-/tournaments/calendar/futures
M25 Uriage,"Uriage, France",14,"July 20, 2025",Clay,Outdoor,,,ITF,https://www.atptour.com/en/-/tournaments/calendar/futures
M15 Bucaramanga,"Bucaramanga, Colombia",14,"July 20, 2025",Clay,Outdoor,,,ITF,https://www.atptour.com/en/-/tournaments/calendar/futures
M15 Gubbio,"Gubbio, Italy",14,"July 20, 2025",Clay,Outdoor,,,ITF,https://www.atptour.com/en/-/tournaments/calendar/futures
M15 Hillcrest,"Hillcrest, South Africa",14,"July 20, 2025",Hard,Outdoor,,,ITF,https://www.atptour.com/en/-/tournaments/calendar/futures
M15 Kursumlijska Banja,"Kursumlijska Banja, Serbia",14,"July 20, 2025",Clay,Outdoor,,,ITF,https://www.atptour.com/en/-/tournaments/calendar/futures
M15 Monastir,"Monastir, Tunisia",14,"July 20, 2025",Hard,Outdoor,,,ITF,https://www.atptour.com/en/-/tournaments/calendar/futures
M15 Nakhon Pathom,"Nakhon Pathom, Thailand",14,"July 20, 2025",Hard,Outdoor,,,ITF,https://www.atptour.com/en/-/tournaments/calendar/futures
M15 Nova Gorica,"Nova Gorica, Slovenia",14,"July 20, 2025",Clay,Outdoor,,,ITF,https://www.atptour.com/en/-/tournaments/calendar/futures
M15 Poprad,"Poprad, Slovak Republic",14,"July 20, 2025",Clay,Outdoor,,,ITF,https://www.atptour.com/en/-/tournaments/calendar/futures
"M15 Rochester, NY","Rochester, United States",14,"July 20, 2025",Clay,Outdoor,,,ITF,https://www.atptour.com/en/-/tournaments/calendar/futures
M15 Santa Tecla,"Santa Tecla, El Salvador",14,"July 20, 2025",Hard,Outdoor,,,ITF,https://www.atptour.com/en/-/tournaments/calendar/futures
M15 Slobozia,"Slobozia, Romania",14,"July 20, 2025",Clay,Outdoor,,,ITF,https://www.atptour.com/en/-/tournaments/calendar/futures
M15 Uslar,"Uslar, Germany",14,"July 20, 2025",Clay,Outdoor,,,ITF,https://www.atptour.com/en/-/tournaments/calendar/futures
"M25 Champaign, IL","Champaign, United States",21,"July 27, 2025",Hard,Outdoor,,,ITF,https://www.atptour.com/en/-/tournaments/calendar/futures
M25 Denia,"Denia, Spain",21,"July 27, 2025",Clay,Outdoor,,,ITF,https://www.atptour.com/en/-/tournaments/calendar/futures
M25 Metzingen,"Metzingen, Germany",21,"July 27, 2025",Clay,Outdoor,,,ITF,https://www.atptour.com/en/-/tournaments/calendar/futures
M25 Ollersbach,"Ollersbach, Austria",21,"July 27, 2025",Clay,Outdoor,,,ITF,https://www.atptour.com/en/-/tournaments/calendar/futures
M25 Porto,"Porto, Portugal",21,"July 27, 2025",Hard,Outdoor,,,ITF,https://www.atptour.com/en/-/tournaments/calendar/futures
M25 Sao Paulo,"Sao Paulo, Brazil",21,"July 27, 2025",Clay,Outdoor,,,ITF,https://www.atptour.com/en/-/tournaments/calendar/futures
M25+H Bacau,"Bacau, Romania",21,"July 27, 2025",Clay,Outdoor,,,ITF,https://www.atptour.com/en/-/tournaments/calendar/futures
M15 Kursumlijska Banja,"Kursumlijska Banja, Serbia",21,"July 27, 2025",Clay,Outdoor,,,ITF,https://www.atptour.com/en/-/tournaments/calendar/futures
M15 Monastir,"Monastir, Tunisia",21,"July 27, 2025",Hard,Outdoor,,,ITF,https://www.atptour.com/en/-/tournaments/calendar/futures
M15 Nakhon Pathom,"Nakhon Pathom, Thailand",21,"July 27, 2025",Hard,Outdoor,,,ITF,https://www.atptour.com/en/-/tournaments/calendar/futures
M15 Santa Tecia,"Santa Tecia, El Salvador",21,"July 27, 2025",Hard,Outdoor,,,ITF,https://www.atptour.com/en/-/tournaments/calendar/futures
M15 Santiago,"Santiago, Chile",21,"July 27, 2025",Clay,Outdoor,,,ITF,https://www.atptour.com/en/-/tournaments/calendar/futures
M15 Segrate,"Segrate, Italy",21,"July 27, 2025",Clay,Outdoor,,,ITF,https://www.atptour.com/en/-/tournaments/calendar/futures
M15 Wuning,"Wuning, China",21,"July 27, 2025",Hard,Outdoor,,,ITF,https://www.atptour.com/en/-/tournaments/calendar/futures
M25 Bolzano,"Bolzano, Italy",28 July,"August 3, 2025",Clay,Outdoor,,,ITF,https://www.atptour.com/en/-/tournaments/calendar/futures
M25 Brazzaville,"Brazzaville, Congo, Dem. Rep. (Zaire)",28 July,"August 3, 2025",Clay,Outdoor,,,ITF,https://www.atptour.com/en/-/tournaments/calendar/futures
"M25 Edwardsville, IL","Edwardsville, United States",28 July,"August 3, 2025",Hard,Outdoor,,,ITF,https://www.atptour.com/en/-/tournaments/calendar/futures
M25 Gentofte,"Gentofte, Denmark",28 July,"August 3, 2025",Clay,Outdoor,,,ITF,https://www.atptour.com/en/-/tournaments/calendar/futures
M25 Koszalin,"Koszalin, Poland",28 July,"August 3, 2025",Clay,Outdoor,,,ITF,https://www.atptour.com/en/-/tournaments/calendar/futures
M25 Pitesti,"Pitesti, Romania",28 July,"August 3, 2025",Clay,Outdoor,,,ITF,https://www.atptour.com/en/-/tournaments/calendar/futures
M25 Wetzlar,"Wetzlar, Germany",28 July,"August 3, 2025",Clay,Outdoor,,,ITF,https://www.atptour.com/en/-/tournaments/calendar/futures
M15 Bali,"Bali, Indonesia",28 July,"August 3, 2025",Hard,Outdoor,,,ITF,https://www.atptour.com/en/-/tournaments/calendar/futures
M15 Dublin,"Dublin, Ireland",28 July,"August 3, 2025",Carpet,Outdoor,,,ITF,https://www.atptour.com/en/-/tournaments/calendar/futures
M15 Joinville,"Joinville, Brazil",28 July,"August 3, 2025",Clay,Indoor,,,ITF,https://www.atptour.com/en/-/tournaments/calendar/futures
M15 Kursumlijska Banja,"Kursumlijska Banja, Serbia",28 July,"August 3, 2025",Clay,Outdoor,,,ITF,https://www.atptour.com/en/-/tournaments/calendar/futures
M15 Monastir,"Monastir, Tunisia",28 July,"August 3, 2025",Hard,Outdoor,,,ITF,https://www.atptour.com/en/-/tournaments/calendar/futures
M15 Nakhon Pathom,"Nakhon Pathom, Thailand",28 July,"August 3, 2025",Hard,Outdoor,,,ITF,https://www.atptour.com/en/-/tournaments/calendar/futures
M15 Santiago,"Santiago, Chile",28 July,"August 3, 2025",Clay,Outdoor,,,ITF,https://www.atptour.com/en/-/tournaments/calendar/futures
M15 Wels,"Wels, Austria",28 July,"August 3, 2025",Clay,Outdoor,,,ITF,https://www.atptour.com/en/-/tournaments/calendar/futures
M15 Wuning,"Wuning, China",28 July,"August 3, 2025",Hard,Outdoor,,,ITF,https://www.atptour.com/en/-/tournaments/calendar/futures
M15 Xativa,"Xativa, Spain",28 July,"August 3, 2025",Clay,Outdoor,,,ITF,https://www.atptour.com/en/-/tournaments/calendar/futures
M25 Bali,"Bali, Indonesia",4,"August 10, 2025",Hard,Outdoor,,,ITF,https://www.atptour.com/en/-/tournaments/calendar/futures
M25 Brazzaville,"Brazzaville, Congo, Dem. Rep. (Zaire)",4,"August 10, 2025",Clay,Outdoor,,,ITF,https://www.atptour.com/en/-/tournaments/calendar/futures
M25 Monastir,"Monastir, Tunisia",4,"August 10, 2025",Hard,Outdoor,,,ITF,https://www.atptour.com/en/-/tournaments/calendar/futures
M25 Montesilvano,"Montesilvano, Italy",4,"August 10, 2025",Clay,Outdoor,,,ITF,https://www.atptour.com/en/-/tournaments/calendar/futures
M25 Roehampton,"Roehampton, Great Britain",4,"August 10, 2025",Hard,Outdoor,,,ITF,https://www.atptour.com/en/-/tournaments/calendar/futures
"M25 Southaven, MS","Southaven, United States",4,"August 10, 2025",Hard,Outdoor,,,ITF,https://www.atptour.com/en/-/tournaments/calendar/futures
M25+H Tauste,"Tauste, Spain",4,"August 10, 2025",Hard,Outdoor,,,ITF,https://www.atptour.com/en/-/tournaments/calendar/futures
M15 Astana,"Astana, Kazakhstan",4,"August 10, 2025",Hard,Outdoor,,,ITF,https://www.atptour.com/en/-/tournaments/calendar/futures
M15 Brisbane,"Brisbane, Australia",4,"August 10, 2025",Hard,Outdoor,,,ITF,https://www.atptour.com/en/-/tournaments/calendar/futures
M15 Curtea de Arges,"Curtea de Arges, Romania",4,"August 10, 2025",Clay,Outdoor,,,ITF,https://www.atptour.com/en/-/tournaments/calendar/futures
M15 Eupen,"Eupen, Belgium",4,"August 10, 2025",Clay,Outdoor,,,ITF,https://www.atptour.com/en/-/tournaments/calendar/futures
M15 Frankfurt,"Frankfurt, Germany",4,"August 10, 2025",Clay,Outdoor,,,ITF,https://www.atptour.com/en/-/tournaments/calendar/futures
M15 Kursumlijska Banja,"Kursumlijska Banja, Serbia",4,"August 10, 2025",Clay,Outdoor,,,ITF,https://www.atptour.com/en/-/tournaments/calendar/futures
M15 Singapore,"Singapore, Singapore",4,"August 10, 2025",Hard,Outdoor,,,ITF,https://www.atptour.com/en/-/tournaments/calendar/futures
M15 Slovenska Bistrica,"Slovenska Bistrica, Slovenia",4,"August 10, 2025",Clay,Outdoor,,,ITF,https://www.atptour.com/en/-/tournaments/calendar/futures
M15 Sofia,"Sofia, Bulgaria",4,"August 10, 2025",Hard,Outdoor,,,ITF,https://www.atptour.com/en/-/tournaments/calendar/futures
M15 Wuning,"Wuning, China",4,"August 10, 2025",Hard,Outdoor,,,ITF,https://www.atptour.com/en/-/tournaments/calendar/futures
M25 Aldershot,"Aldershot, Great Britain",11,"August 17, 2025",Hard,Outdoor,,,ITF,https://www.atptour.com/en/-/tournaments/calendar/futures
M25 Bali,"Bali, Indonesia",11,"August 17, 2025",Hard,Outdoor,,,ITF,https://www.atptour.com/en/-/tournaments/calendar/futures
M25 Gijon,"Gijon, Spain",11,"August 17, 2025",Clay,Outdoor,,,ITF,https://www.atptour.com/en/-/tournaments/calendar/futures
M25 Idanha-a-Nova,"Idanha-a-Nova, Portugal",11,"August 17, 2025",Hard,Outdoor,,,ITF,https://www.atptour.com/en/-/tournaments/calendar/futures
M25 Koksijde,"Koksijde, Belgium",11,"August 17, 2025",Clay,Outdoor,,,ITF,https://www.atptour.com/en/-/tournaments/calendar/futures
M25 Monastir,"Monastir, Tunisia",11,"August 17, 2025",Hard,Outdoor,,,ITF,https://www.atptour.com/en/-/tournaments/calendar/futures
M25 Yinchuan,"Yinchuan, China",11,"August 17, 2025",Hard,Outdoor,,,ITF,https://www.atptour.com/en/-/tournaments/calendar/futures
M15 Bielsko Biala,"Bielsko Biala, Poland",11,"August 17, 2025",Clay,Outdoor,,,ITF,https://www.atptour.com/en/-/tournaments/calendar/futures
M15 Brisbane,"Brisbane, Australia",11,"August 17, 2025",Hard,Outdoor,,,ITF,https://www.atptour.com/en/-/tournaments/calendar/futures
"M15 Huntsville, AL","Huntsville, United States",11,"August 17, 2025",Hard,Outdoor,,,ITF,https://www.atptour.com/en/-/tournaments/calendar/futures
M15 Pirot,"Pirot, Serbia",11,"August 17, 2025",Clay,Outdoor,,,ITF,https://www.atptour.com/en/-/tournaments/calendar/futures
M15 Singapore,"Singapore, Singapore",11,"August 17, 2025",Hard,Outdoor,,,ITF,https://www.atptour.com/en/-/tournaments/calendar/futures
M15 Targu Jiu,"Targu Jiu, Romania",11,"August 17, 2025",Clay,Outdoor,,,ITF,https://www.atptour.com/en/-/tournaments/calendar/futures
M15 Trier,"Trier, Germany",11,"August 17, 2025",Clay,Outdoor,,,ITF,https://www.atptour.com/en/-/tournaments/calendar/futures
M15 Turku,"Turku, Finland",11,"August 17, 2025",Hard,Outdoor,,,ITF,https://www.atptour.com/en/-/tournaments/calendar/futures
M15 Ystad,"Ystad, Sweden",11,"August 17, 2025",Clay,Outdoor,,,ITF,https://www.atptour.com/en/-/tournaments/calendar/futures
M25 Idanha-a-Nova,"Idanha-a-Nova, Portugal",18,"August 24, 2025",Hard,Outdoor,,,ITF,https://www.atptour.com/en/-/tournaments/calendar/futures
M25 Lesa,"Lesa, Italy",18,"August 24, 2025",Clay,Outdoor,,,ITF,https://www.atptour.com/en/-/tournaments/calendar/futures
M25 Maribor,"Maribor, Slovenia",18,"August 24, 2025",Clay,Outdoor,,,ITF,https://www.atptour.com/en/-/tournaments/calendar/futures
M25 Muttenz,"Muttenz, Switzerland",18,"August 24, 2025",Clay,Outdoor,,,ITF,https://www.atptour.com/en/-/tournaments/calendar/futures
M25 Santander,"Santander, Spain",18,"August 24, 2025",Clay,Outdoor,,,ITF,https://www.atptour.com/en/-/tournaments/calendar/futures
M25 Taipei,"Taipei, Chinese Taipei",18,"August 24, 2025",Hard,Outdoor,,,ITF,https://www.atptour.com/en/-/tournaments/calendar/futures
M25 Ueberlingen,"Ueberlingen, Germany",18,"August 24, 2025",Clay,Outdoor,,,ITF,https://www.atptour.com/en/-/tournaments/calendar/futures
M15 Arad,"Arad, Romania",18,"August 24, 2025",Clay,Outdoor,,,ITF,https://www.atptour.com/en/-/tournaments/calendar/futures
M15 Bastad,"Bastad, Sweden",18,"August 24, 2025",Clay,Outdoor,,,ITF,https://www.atptour.com/en/-/tournaments/calendar/futures
M15 Huy,"Huy, Belgium",18,"August 24, 2025",Clay,Outdoor,,,ITF,https://www.atptour.com/en/-/tournaments/calendar/futures
M15 Krakow,"Krakow, Poland",18,"August 24, 2025",Clay,Outdoor,,,ITF,https://www.atptour.com/en/-/tournaments/calendar/futures
M15 Maanshan,"Maanshan, China",18,"August 24, 2025",Hard,Indoor,,,ITF,https://www.atptour.com/en/-/tournaments/calendar/futures
M15 Mistelbach,"Mistelbach, Austria",18,"August 24, 2025",Clay,Outdoor,,,ITF,https://www.atptour.com/en/-/tournaments/calendar/futures
M15 Monastir,"Monastir, Tunisia",18,"August 24, 2025",Hard,Outdoor,,,ITF,https://www.atptour.com/en/-/tournaments/calendar/futures
M15 Nakhon Pathom,"Nakhon Pathom, Thailand",18,"August 24, 2025",Hard,Outdoor,,,ITF,https://www.atptour.com/en/-/tournaments/calendar/futures
M15 Pirot,"Pirot, Serbia",18,"August 24, 2025",Clay,Outdoor,,,ITF,https://www.atptour.com/en/-/tournaments/calendar/futures
M25 Maribor,"Maribor, Slovenia",25,"August 31, 2025",Clay,Outdoor,,,ITF,https://www.atptour.com/en/-/tournaments/calendar/futures
M25 Oldenzaal,"Oldenzaal, Netherlands",25,"August 31, 2025",Clay,Outdoor,,,ITF,https://www.atptour.com/en/-/tournaments/calendar/futures
M25 Oviedo,"Oviedo, Spain",25,"August 31, 2025",Clay,Outdoor,,,ITF,https://www.atptour.com/en/-/tournaments/calendar/futures
M25 Poznan,"Poznan, Poland",25,"August 31, 2025",Clay,Outdoor,,,ITF,https://www.atptour.com/en/-/tournaments/calendar/futures
M25 Sion,"Sion, Switzerland",25,"August 31, 2025",Clay,Outdoor,,,ITF,https://www.atptour.com/en/-/tournaments/calendar/futures
M25 Taipei,"Taipei, Chinese Taipei",25,"August 31, 2025",Hard,Outdoor,,,ITF,https://www.atptour.com/en/-/tournaments/calendar/futures
M25 Trelew,"Trelew, Argentina",25,"August 30, 2025",Hard,Indoor,,,ITF,https://www.atptour.com/en/-/tournaments/calendar/futures
M15 Allershausen,"Allershausen, Germany",25,"August 31, 2025",Clay,Outdoor,,,ITF,https://www.atptour.com/en/-/tournaments/calendar/futures
M15 Bucharest,"Bucharest, Romania",25,"August 31, 2025",Clay,Outdoor,,,ITF,https://www.atptour.com/en/-/tournaments/calendar/futures
M15 Budapest,"Budapest, Hungary",25,"August 31, 2025",Hard,Outdoor,,,ITF,https://www.atptour.com/en/-/tournaments/calendar/futures
M15 Cap d'Agde,"Cap d'Agde, France",25,"August 31, 2025",Clay,Outdoor,,,ITF,https://www.atptour.com/en/-/tournaments/calendar/futures
M15 Forli,"Forli, Italy",25,"August 31, 2025",Clay,Outdoor,,,ITF,https://www.atptour.com/en/-/tournaments/calendar/futures
M15 Hong Kong,"Hong Kong, Hong Kong",25,"August 31, 2025",Hard,Outdoor,,,ITF,https://www.atptour.com/en/-/tournaments/calendar/futures
M15 Maanshan,"Maanshan, China",25,"August 31, 2025",Hard,Indoor,,,ITF,https://www.atptour.com/en/-/tournaments/calendar/futures
M15 Monastir,"Monastir, Tunisia",25,"August 31, 2025",Hard,Outdoor,,,ITF,https://www.atptour.com/en/-/tournaments/calendar/futures
M15 Vienna,"Vienna, Austria",25,"August 31, 2025",Clay,Outdoor,,,ITF,https://www.atptour.com/en/-/tournaments/calendar/futures
M25 Nakhon Pathom,"Nakhon Pathom, Thailand",25,"August 31, 2025",Hard,Outdoor,,,ITF,https://www.atptour.com/en/-/tournaments/calendar/futures
M25 Bali,"Bali, Indonesia",1,"September 7, 2025",Hard,Outdoor,,,ITF,https://www.atptour.com/en/-/tournaments/calendar/futures
M25 Lausanne,"Lausanne, Switzerland",1,"September 7, 2025",Clay,Outdoor,,,ITF,https://www.atptour.com/en/-/tournaments/calendar/futures
M25 Mar del Plata,"Mar del Plata, Argentina",1,"September 6, 2025",Clay,Outdoor,,,ITF,https://www.atptour.com/en/-/tournaments/calendar/futures
M25 Meerbusch,"Meerbusch, Germany",1,"September 7, 2025",Clay,Outdoor,,,ITF,https://www.atptour.com/en/-/tournaments/calendar/futures
M25 Nakhon Pathom,"Nakhon Pathom, Thailand",1,"September 7, 2025",Hard,Outdoor,,,ITF,https://www.atptour.com/en/-/tournaments/calendar/futures
M25 Sapporo,"Sapporo, Japan",1,"September 7, 2025",Hard,Outdoor,,,ITF,https://www.atptour.com/en/-/tournaments/calendar/futures
M25+H Bagneres-de-Bigorre,"Bagneres-de-Bigorre, France",1,"September 7, 2025",Hard,Outdoor,,,ITF,https://www.atptour.com/en/-/tournaments/calendar/futures
M15 Bologna,"Bologna, Italy",1,"September 7, 2025",Clay,Outdoor,,,ITF,https://www.atptour.com/en/-/tournaments/calendar/futures
M15 Buzau,"Buzau, Romania",1,"September 7, 2025",Clay,Outdoor,,,ITF,https://www.atptour.com/en/-/tournaments/calendar/futures
M15 Haren,"Haren, Netherlands",1,"September 7, 2025",Clay,Outdoor,,,ITF,https://www.atptour.com/en/-/tournaments/calendar/futures
M15 Hong Kong,"Hong Kong, Hong Kong",1,"September 7, 2025",Hard,Outdoor,,,ITF,https://www.atptour.com/en/-/tournaments/calendar/futures
M15 Hurghada,"Hurghada, Egypt",1,"September 7, 2025",Hard,Outdoor,,,ITF,https://www.atptour.com/en/-/tournaments/calendar/futures
M15 Kursumlijska Banja,"Kursumlijska Banja, Serbia",1,"September 7, 2025",Clay,Outdoor,,,ITF,https://www.atptour.com/en/-/tournaments/calendar/futures
M15 Maanshan,"Maanshan, China",1,"September 7, 2025",Hard,Indoor,,,ITF,https://www.atptour.com/en/-/tournaments/calendar/futures
M15 Madrid,"Madrid, Spain",1,"September 7, 2025",Clay,Outdoor,,,ITF,https://www.atptour.com/en/-/tournaments/calendar/futures
M15 Monastir,"Monastir, Tunisia",1,"September 7, 2025",Hard,Outdoor,,,ITF,https://www.atptour.com/en/-/tournaments/calendar/futures
M15 Szczawno,"Szczawno, Poland",1,"September 7, 2025",Clay,Outdoor,,,ITF,https://www.atptour.com/en/-/tournaments/calendar/futures
M25 Bali,"Bali, Indonesia",8,"September 14, 2025",Hard,Outdoor,,,ITF,https://www.atptour.com/en/-/tournaments/calendar/futures
M25 Cuiaba,"Cuiaba, Brazil",8,"September 14, 2025",Clay,Outdoor,,,ITF,https://www.atptour.com/en/-/tournaments/calendar/futures
M25 Pozzuoli,"Pozzuoli, Italy",8,"September 14, 2025",Hard,Outdoor,,,ITF,https://www.atptour.com/en/-/tournaments/calendar/futures
M25 Sapporo,"Sapporo, Japan",8,"September 14, 2025",Hard,Outdoor,,,ITF,https://www.atptour.com/en/-/tournaments/calendar/futures
M25 Tamworth,"Tamworth, Australia",8,"September 14, 2025",Hard,Outdoor,,,ITF,https://www.atptour.com/en/-/tournaments/calendar/futures
M25+H Plaisir,"Plaisir, France",8,"September 14, 2025",Hard,Indoor,,,ITF,https://www.atptour.com/en/-/tournaments/calendar/futures
M15 Hurghada,"Hurghada, Egypt",8,"September 14, 2025",Hard,Outdoor,,,ITF,https://www.atptour.com/en/-/tournaments/calendar/futures
M15 Kursumlijska Banja,"Kursumlijska Banja, Serbia",8,"September 14, 2025",Clay,Outdoor,,,ITF,https://www.atptour.com/en/-/tournaments/calendar/futures
M15 Maanshan,"Maanshan, China",8,"September 14, 2025",Hard,Indoor,,,ITF,https://www.atptour.com/en/-/tournaments/calendar/futures
M15 Madrid,"Madrid, Spain",8,"September 14, 2025",Hard,Outdoor,,,ITF,https://www.atptour.com/en/-/tournaments/calendar/futures
M15 Monastir,"Monastir, Tunisia",8,"September 14, 2025",Hard,Outdoor,,,ITF,https://www.atptour.com/en/-/tournaments/calendar/futures
M25 Guiyang,"Guiyang, China",15,"September 21, 2025",Hard,Outdoor,,,ITF,https://www.atptour.com/en/-/tournaments/calendar/futures
M25 Londrina,"Londrina, Brazil",15,"September 20, 2025",Clay,Outdoor,,,ITF,https://www.atptour.com/en/-/tournaments/calendar/futures
M25 Nevers,"Nevers, France",15,"September 21, 2025",Hard,Indoor,,,ITF,https://www.atptour.com/en/-/tournaments/calendar/futures
M25 Santa Margherita di Pula,"Santa Margheita di Pula, Italy",15,"September 20, 2025",Clay,Outdoor,,,ITF,https://www.atptour.com/en/-/tournaments/calendar/futures
M25 Setubal,"Setubal, Portugal",15,"September 21, 2025",Hard,Outdoor,,,ITF,https://www.atptour.com/en/-/tournaments/calendar/futures
M25 Takasaki,"Takasaki, Japan",15,"September 21, 2025",Hard,Outdoor,,,ITF,https://www.atptour.com/en/-/tournaments/calendar/futures
M25 Tamworth,"Tamworth, Australia",15,"September 21, 2025",Hard,Outdoor,,,ITF,https://www.atptour.com/en/-/tournaments/calendar/futures
"M15 Fayetteville, AR","Fayetteville, United States",15,"September 21, 2025",Hard,Outdoor,,,ITF,https://www.atptour.com/en/-/tournaments/calendar/futures
M15 Hurghada,"Hurghada, Egypt",15,"September 21, 2025",Hard,Outdoor,,,ITF,https://www.atptour.com/en/-/tournaments/calendar/futures
M15 Kayseri,"Kayseri, Turkiye",15,"September 21, 2025",Hard,Outdoor,,,ITF,https://www.atptour.com/en/-/tournaments/calendar/futures
M15 Kursumlijska Banja,"Kursumlijska Banja, Serbia",15,"September 21, 2025",Clay,Outdoor,,,ITF,https://www.atptour.com/en/-/tournaments/calendar/futures
M15 Melilla,"Melilla, Spain",15,"September 21, 2025",Clay,Outdoor,,,ITF,https://www.atptour.com/en/-/tournaments/calendar/futures
M15 Monastir,"Monastir, Tunisia",15,"September 21, 2025",Hard,Outdoor,,,ITF,https://www.atptour.com/en/-/tournaments/calendar/futures
M25 Barueri,"Barueri, Brazil",22,"September 28, 2025",Hard,Outdoor,,,ITF,https://www.atptour.com/en/-/tournaments/calendar/futures
M25 Falun,"Falun, Sweden",22,"September 28, 2025",Hard,Indoor,,,ITF,https://www.atptour.com/en/-/tournaments/calendar/futures
M25 Pardubice,"Pardubice, Czechia",22,"September 28, 2025",Clay,Outdoor,,,ITF,https://www.atptour.com/en/-/tournaments/calendar/futures
M25 Sabadell,"Sabadell, Spain",22,"September 28, 2025",Clay,Outdoor,,,ITF,https://www.atptour.com/en/-/tournaments/calendar/futures
M25 Santa Margherita di Pula,"Santa Margherita di Pula, Italy",22,"September 28, 2025",Clay,Outdoor,,,ITF,https://www.atptour.com/en/-/tournaments/calendar/futures
M25 Sharm ElSheikh,"Sharm ElSheikh, Egypt",22,"September 28, 2025",Hard,Outdoor,,,ITF,https://www.atptour.com/en/-/tournaments/calendar/futures
M25 Zlatibor,"Zlatibor, Serbia",22,"September 28, 2025",Clay,Outdoor,,,ITF,https://www.atptour.com/en/-/tournaments/calendar/futures
M15 Ann Arbor,"Ann Arbor, United States",22,"September 28, 2025",Hard,Outdoor,,,ITF,https://www.atptour.com/en/-/tournaments/calendar/futures
M15 Budapest,"Budapest, Hungary",22,"September 28, 2025",Hard,Outdoor,,,ITF,https://www.atptour.com/en/-/tournaments/calendar/futures
M15 Forbach,"Forbach, France",22,"September 28, 2025",Carpet,Indoor,,,ITF,https://www.atptour.com/en/-/tournaments/calendar/futures
M15 Heraklion,"Heraklion, Greece",22,"September 28, 2025",Hard,Outdoor,,,ITF,https://www.atptour.com/en/-/tournaments/calendar/futures
M15 Kayseri,"Kayseri, Turkiye",22,"September 28, 2025",Hard,Outdoor,,,ITF,https://www.atptour.com/en/-/tournaments/calendar/futures
M15 Monastir,"Monastir, Tunisia",22,"September 28, 2025",Hard,Outdoor,,,ITF,https://www.atptour.com/en/-/tournaments/calendar/futures
M15 Otopeni,"Otopeni, Romania",22,"September 28, 2025",Clay,Outdoor,,,ITF,https://www.atptour.com/en/-/tournaments/calendar/futures
M15 Slovenj Gradec,"Slovenj Gradec, Slovenia",22,"September 28, 2025",Clay,Outdoor,,,ITF,https://www.atptour.com/en/-/tournaments/calendar/futures
M25 Perth,"Perth, Australia",29 September,"October 5, 2025",Hard,Outdoor,,,ITF,https://www.atptour.com/en/-/tournaments/calendar/futures
M25 Salvador,"Salvador, Brazil",29 September,"October 5, 2025",Hard,Outdoor,,,ITF,https://www.atptour.com/en/-/tournaments/calendar/futures
M25 Santa Margherita di Pula,"Santa Margherita di Pula, Italy",29 September,"October 5, 2025",Clay,Outdoor,,,ITF,https://www.atptour.com/en/-/tournaments/calendar/futures
M25 Sharm ElSheikh,"Sharm ElSheikh, Egypt",29 September,"October 5, 2025",Hard,Outdoor,,,ITF,https://www.atptour.com/en/-/tournaments/calendar/futures
M25 Zaragoza,"Zaragoza, Spain",29 September,"October 5, 2025",Clay,Outdoor,,,ITF,https://www.atptour.com/en/-/tournaments/calendar/futures
M15 Heraklion,"Heraklion, Greece",29 September,"October 5, 2025",Hard,Outdoor,,,ITF,https://www.atptour.com/en/-/tournaments/calendar/futures
M15 Kayseri,"Kayseri, Turkiye",29 September,"October 5, 2025",Hard,Outdoor,,,ITF,https://www.atptour.com/en/-/tournaments/calendar/futures
M15 Monastir,"Monastir, Tunisia",29 September,"October 5, 2025",Hard,Outdoor,,,ITF,https://www.atptour.com/en/-/tournaments/calendar/futures
"M15 Winston-Salem, NC","Winston-Salem, United States",29 September,"October 5, 2025",Hard,Outdoor,,,ITF,https://www.atptour.com/en/-/tournaments/calendar/futures
M25 Kigali,"Kigali, Rwanda",6,"October 12, 2025",Clay,Outdoor,,,ITF,https://www.atptour.com/en/-/tournaments/calendar/futures
M25 Monastir,"Monastir, Tunisia",6,"October 12, 2025",Hard,Outdoor,,,ITF,https://www.atptour.com/en/-/tournaments/calendar/futures
M25 Perth,"Perth, Australia",6,"October 12, 2025",Hard,Outdoor,,,ITF,https://www.atptour.com/en/-/tournaments/calendar/futures
M25 Rio de Janeiro,"Rio de Janeiro, Brazil",6,"October 12, 2025",Clay,Outdoor,,,ITF,https://www.atptour.com/en/-/tournaments/calendar/futures
M25 Santa Margherita di Pula,"Santa Margherita di Pula, Italy",6,"October 12, 2025",Clay,Outdoor,,,ITF,https://www.atptour.com/en/-/tournaments/calendar/futures
M15 Heraklion,"Heraklion, Greece",6,"October 12, 2025",Hard,Outdoor,,,ITF,https://www.atptour.com/en/-/tournaments/calendar/futures
"M15 Lexington, KY","Lexington, United States",6,"October 12, 2025",Hard,Outdoor,,,ITF,https://www.atptour.com/en/-/tournaments/calendar/futures
M15 Monastir,"Monastir, Tunisia",6,"October 12, 2025",Hard,Outdoor,,,ITF,https://www.atptour.com/en/-/tournaments/calendar/futures
M15 Pontevedra,"Pontevedra, Spain",6,"October 12, 2025",Hard,Outdoor,,,ITF,https://www.atptour.com/en/-/tournaments/calendar/futures
M15 Sharm ElSheikh,"Sharm ElSheikh, Egypt",6,"October 12, 2025",Hard,Outdoor,,,ITF,https://www.atptour.com/en/-/tournaments/calendar/futures
M15+H Rodez,"Rodez, France",6,"October 12, 2025",Hard,Indoor,,,ITF,https://www.atptour.com/en/-/tournaments/calendar/futures
M25 Kigali,"Kigali, Rwanda",13,"October 19, 2025",Clay,Outdoor,,,ITF,https://www.atptour.com/en/-/tournaments/calendar/futures
M25 Monastir,"Monastir, Tunisia",13,"October 19, 2025",Hard,Outdoor,,,ITF,https://www.atptour.com/en/-/tournaments/calendar/futures
M25 Santa Margherita di Pula,"Santa Margherita di Pula, Italy",13,"October 19, 2025",Clay,Outdoor,,,ITF,https://www.atptour.com/en/-/tournaments/calendar/futures
M15 Castellon,"Castellon, Spain",13,"October 19, 2025",Clay,Outdoor,,,ITF,https://www.atptour.com/en/-/tournaments/calendar/futures
M15 Heraklion,"Heraklion, Greece",13,"October 19, 2025",Hard,Outdoor,,,ITF,https://www.atptour.com/en/-/tournaments/calendar/futures
M15 Monastir,"Monastir, Tunisia",13,"October 19, 2025",Hard,Outdoor,,,ITF,https://www.atptour.com/en/-/tournaments/calendar/futures
M15 Offenbach,"Offenbach, Germany",13,"October 19, 2025",Hard,Indoor,,,ITF,https://www.atptour.com/en/-/tournaments/calendar/futures
M15 Santiago,"Santiago, Chile",13,"October 19, 2025",Clay,Outdoor,,,ITF,https://www.atptour.com/en/-/tournaments/calendar/futures
M15 Sharm ElSheikh,"Sharm ElSheikh, Egypt",13,"October 19, 2025",Hard,Outdoor,,,ITF,https://www.atptour.com/en/-/tournaments/calendar/futures
M15 Villers-les-Nancy,"Villers-les-Nancy, France",13,"October 19, 2025",Hard,Indoor,,,ITF,https://www.atptour.com/en/-/tournaments/calendar/futures
M25 Brisbane,"Brisbane, Australia",20,"October 26, 2025",Hard,Outdoor,,,ITF,https://www.atptour.com/en/-/tournaments/calendar/futures
M25 Huzhou,"Huzhou, China",20,"October 26, 2025",Hard,Outdoor,,,ITF,https://www.atptour.com/en/-/tournaments/calendar/futures
"M25 Norman, OK","Norman, United States",20,"October 26, 2025",Hard,Indoor,,,ITF,https://www.atptour.com/en/-/tournaments/calendar/futures
M25 Santa Margherita di Pula,"Santa Margherita di Pula, Italy",20,"October 26, 2025",Clay,Outdoor,,,ITF,https://www.atptour.com/en/-/tournaments/calendar/futures
M25 Sarreguemines,"Sarreguemines, France",20,"October 26, 2025",Carpet,Indoor,,,ITF,https://www.atptour.com/en/-/tournaments/calendar/futures
M25 Sheffield,"Sheffield, Great Britain",20,"October 26, 2025",Hard,Indoor,,,ITF,https://www.atptour.com/en/-/tournaments/calendar/futures
M25 Sintra,"Sintra, Portugal",20,"October 26, 2025",Hard,Outdoor,,,ITF,https://www.atptour.com/en/-/tournaments/calendar/futures
M15 Bol,"Bol, Croatia",20,"October 26, 2025",Clay,Outdoor,,,ITF,https://www.atptour.com/en/-/tournaments/calendar/futures
M15 Heraklion,"Heraklion, Greece",20,"October 26, 2025",Hard,Outdoor,,,ITF,https://www.atptour.com/en/-/tournaments/calendar/futures
M15 Hua Hin,"Hua Hin, Thailand",20,"October 26, 2025",Hard,Outdoor,,,ITF,https://www.atptour.com/en/-/tournaments/calendar/futures
M15 Monastir,"Monastir, Tunisia",20,"October 26, 2025",Hard,Outdoor,,,ITF,https://www.atptour.com/en/-/tournaments/calendar/futures
M15 Santiago,"Santiago, Chile",20,"October 26, 2025",Clay,Outdoor,,,ITF,https://www.atptour.com/en/-/tournaments/calendar/futures
M15 Sharm ElSheikh,"Sharm ElSheikh, Egypt",20,"October 26, 2025",Hard,Outdoor,,,ITF,https://www.atptour.com/en/-/tournaments/calendar/futures
M15 Tanagura,"Tanagura, Japan",20,"October 26, 2025",Hard,Outdoor,,,ITF,https://www.atptour.com/en/-/tournaments/calendar/futures
M25 Brisbane,"Brisbane, Australia",27 October,"November 2, 2025",Hard,Outdoor,,,ITF,https://www.atptour.com/en/-/tournaments/calendar/futures
M25 Glasgow,"Glasgow, Great Britain",27 October,"November 2, 2025",Hard,Indoor,,,ITF,https://www.atptour.com/en/-/tournaments/calendar/futures
"M25 Harlingen, TX","Harlingen, United States",27 October,"November 2, 2025",Hard,Outdoor,,,ITF,https://www.atptour.com/en/-/tournaments/calendar/futures
M25 Lajeado,"Lajeado, Brazil",27 October,"November 2, 2025",Clay,Outdoor,,,ITF,https://www.atptour.com/en/-/tournaments/calendar/futures
M25 Qian Daohu,"Qian Daohu, China",27 October,"November 2, 2025",Hard,Outdoor,,,ITF,https://www.atptour.com/en/-/tournaments/calendar/futures
M25 Sintra,"Sintra, Portugal",27 October,"November 2, 2025",Hard,Outdoor,,,ITF,https://www.atptour.com/en/-/tournaments/calendar/futures
M15 Bol,"Bol, Croatia",27 October,"November 2, 2025",Clay,Outdoor,,,ITF,https://www.atptour.com/en/-/tournaments/calendar/futures
M15 Heraklion,"Heraklion, Greece",27 October,"November 2, 2025",Hard,Outdoor,,,ITF,https://www.atptour.com/en/-/tournaments/calendar/futures
M15 Hua Hin,"Hua Hin, Thailand",27 October,"November 2, 2025",Hard,Outdoor,,,ITF,https://www.atptour.com/en/-/tournaments/calendar/futures
M15 Ibague,"Ibague, Colombia",27 October,"November 2, 2025",Clay,Outdoor,,,ITF,https://www.atptour.com/en/-/tournaments/calendar/futures
M15 Malta,"Malta, Malta",27 October,"November 2, 2025",Hard,Outdoor,,,ITF,https://www.atptour.com/en/-/tournaments/calendar/futures
M15 Monastir,"Monastir, Tunisia",27 October,"November 2, 2025",Hard,Outdoor,,,ITF,https://www.atptour.com/en/-/tournaments/calendar/futures
M15 Selva Gardena,"Selva Gardena, Italy",27 October,"November 2, 2025",Hard,Indoor,,,ITF,https://www.atptour.com/en/-/tournaments/calendar/futures
M15 Sharm ElSheikh,"Sharm ElSheikh, Egypt",27 October,"November 2, 2025",Hard,Outdoor,,,ITF,https://www.atptour.com/en/-/tournaments/calendar/futures
M15 Szabolcsveresmart,"Szabolcsveresmart, Hungary",27 October,"November 2, 2025",Hard,Indoor,,,ITF,https://www.atptour.com/en/-/tournaments/calendar/futures
M15 Trois-Rivieres,"Trois-Rivieres, Canada",27 October,"November 2, 2025",Hard,Indoor,,,ITF,https://www.atptour.com/en/-/tournaments/calendar/futures
M15 Yanagawa City,"Yanagawa City, Japan",27 October,"November 2, 2025",Hard,Outdoor,,,ITF,https://www.atptour.com/en/-/tournaments/calendar/futures
"M25 East Lansing, MI","East Lansing, United States",3,"November 9, 2025",Hard,Outdoor,,,ITF,https://www.atptour.com/en/-/tournaments/calendar/futures
M25 Guadalajara,"Guadalajara, Mexico",3,"November 9, 2025",Clay,Outdoor,,,ITF,https://www.atptour.com/en/-/tournaments/calendar/futures
M25 Monastir,"Monastir, Tunisia",3,"November 9, 2025",Hard,Outdoor,,,ITF,https://www.atptour.com/en/-/tournaments/calendar/futures
M25 Montreal,"Montreal, Canada",3,"November 9, 2025",Hard,Indoor,,,ITF,https://www.atptour.com/en/-/tournaments/calendar/futures
M25 Santa Cruz do Sul,"Santa Cruz do Sul, Brazil",3,"November 9, 2025",Clay,Outdoor,,,ITF,https://www.atptour.com/en/-/tournaments/calendar/futures
M25 Valencia,"Valencia, Spain",3,"November 9, 2025",Clay,Outdoor,,,ITF,https://www.atptour.com/en/-/tournaments/calendar/futures
M15 Antalya,"Antalya, Turkiye",3,"November 9, 2025",Clay,Outdoor,,,ITF,https://www.atptour.com/en/-/tournaments/calendar/futures
M15 Heraklion,"Heraklion, Greece",3,"November 9, 2025",Hard,Outdoor,,,ITF,https://www.atptour.com/en/-/tournaments/calendar/futures
M15 Manama,"Manama, Bahrain",3,"November 9, 2025",Hard,Outdoor,,,ITF,https://www.atptour.com/en/-/tournaments/calendar/futures
"M15 Orlando, FL","Orlando, United States",3,"November 9, 2025",Clay,Outdoor,,,ITF,https://www.atptour.com/en/-/tournaments/calendar/futures
M15 San Gregorio di Catania,"San Gregorio di Catania, Italy",3,"November 9, 2025",Clay,Outdoor,,,ITF,https://www.atptour.com/en/-/tournaments/calendar/futures
M15 Sharm ElSheikh,"Sharm ElSheikh, Egypt",3,"November 9, 2025",Hard,Outdoor,,,ITF,https://www.atptour.com/en/-/tournaments/calendar/futures
M15 Valledupar,"Valledupar, Colombia",3,"November 9, 2025",Hard,Outdoor,,,ITF,https://www.atptour.com/en/-/tournaments/calendar/futures
